Image_ID,Krank/Gesund,bone_Mean_Hist,bone_Median_Hist,bone_Std_Hist,bone_Skewness_Hist,bone_Kurtosis_Hist,bone_Contrast,bone_Dissimilarity,bone_Homogeneity,bone_Energy,bone_Correlation,bone_Entropy,bone_SRE,bone_LRE,bone_GLU,bone_RLU,bone_RPC,muscle_Mean_Hist,muscle_Median_Hist,muscle_Std_Hist,muscle_Skewness_Hist,muscle_Kurtosis_Hist,muscle_Contrast,muscle_Dissimilarity,muscle_Homogeneity,muscle_Energy,muscle_Correlation,muscle_Entropy,muscle_SRE,muscle_LRE,muscle_GLU,muscle_RLU,muscle_RPC
TU2R_102,1,68.62152099609375,58,42.86300130178389,1.216442574282933,4.381411215334231,82.66573223039212,6.912270220588233,0.14518589052264946,0.01762719792409425,0.9775157543193429,12.2550823758137,1.785,90.771,1089.105,23277.837,44.785,113.37109375,111,43.047005267214416,0.24686644495482246,2.5261910450892793,189.85359251968507,10.828986220472444,0.08982957807822337,0.012800080606151308,0.9487078514167786,12.872222250264514,2.331,30.487,364.642,12921.996,32.985
TU1L_219,1,80.667236328125,63,56.35092198208702,1.075570078510442,3.345162588030612,85.1545955882353,7.05548406862745,0.14167783669437842,0.016195545973974587,0.9865949682406794,12.557270798611887,2.167,110.18,1024.728,34936.041,49.383,87.27581787109375,75,49.77067808127546,0.8790267339880179,3.1007563015267214,102.39216289370081,7.863127460629922,0.12490465482815861,0.015183365230458736,0.9793872945878792,12.507219009959407,2.226,59.073,438.923,10931.501,28.943
TU1R_199,1,60.91632080078125,50,49.78257614306491,0.8221741161117354,2.9111642474209507,122.18527879901964,7.649831495098041,0.19811326564508402,0.03293214725874028,0.9753321051589908,12.119722656007315,2.062,243.844,1082.689,26098.97,43.083,105.61187744140625,103,43.10082041844206,0.2974790636002821,2.539487689146112,286.4955093503937,13.295337106299211,0.0763394820282016,0.011877160120352425,0.92302878788402,13.082580412228761,2.44,24.103,336.583,13700.221,34.303
TU2L_54,0,97.22401428222656,85,53.717706426643474,0.7551933763108803,2.8170719462290323,171.19592524509804,10.085998774509806,0.10046699907703283,0.012096648813622907,0.9703299133082269,13.175046311640319,2.187,48.967,845.201,36563.604,55.152,109.3902587890625,102,47.78152124301098,0.561407484433437,2.715208717047231,176.3064714566929,10.432332677165354,0.09341400823173052,0.012814484842607547,0.9614097098830084,12.885924294654911,2.285,34.721,381.392,11596.284,31.293
TU1R_111,0,81.30966186523438,67,56.99430922119756,0.8498119698273915,2.9445195646194815,149.6549325980392,8.944699754901961,0.13311367080119607,0.015181795437656785,0.9769360818382737,12.88552243664602,2.163,85.389,944.348,31996.179,49.244,143.3282470703125,140,49.94804838093233,0.06961040239287025,2.3955073391983013,255.60777559055114,12.334522637795276,0.08341691902960964,0.011497768900545364,0.9488017961774897,13.163924595660369,2.449,26.117,341.86,14080.745,34.424
TU2N_96,1,80.04518127441406,64,48.7768833030652,1.3454612390001983,4.197693118278462,112.39757965686275,8.243014705882354,0.11734234659891424,0.016353160364310115,0.976392470276304,12.53540064590961,2.015,72.904,984.296,28425.64,48.228,113.2684326171875,107,48.49442184199545,0.5337524990790683,2.8718091754951947,262.8148991141733,12.717950295275593,0.07819145872194899,0.011708210082845893,0.9441466369544241,13.128748019829821,2.559,24.53,329.035,15842.947,35.927
TU2R_47,0,83.13038635253906,69,53.71307479392719,1.0819501293516052,3.5784788502520106,115.70053615196079,8.178507965686276,0.12534334625225454,0.014908991396225786,0.9799407215689426,12.752396008224242,1.978,87.473,1010.461,26877.548,46.717,105.518798828125,96,50.20207955963451,0.7622061750356214,3.0750264967445076,122.83538385826772,8.632504921259843,0.11215472969256575,0.013872449059106264,0.9756091947599815,12.68436833323686,2.02,46.39,434.751,8730.199,27.858
TU1L_218,1,76.86907958984375,61,53.278670595853264,1.2064468281459468,3.850911811361766,81.35621936274512,6.909099264705883,0.14300804293126032,0.016714181016820078,0.9856749218053322,12.457043310248057,2.139,111.761,1033.916,33736.849,48.869,94.0428466796875,86,43.61197250305646,0.9122594329386599,3.5825118563851728,127.78635580708664,8.862881397637796,0.1085491189975194,0.014870533496962475,0.9664215361566716,12.526835282271485,2.239,41.943,403.952,11790.695,31.037
TU2L_151,0,87.9259033203125,76,51.039780332894324,0.8565113184661869,3.155997040505244,161.7719669117647,9.82294730392157,0.10329862661455816,0.012402134290775083,0.9689711695057658,13.07956241268052,2.16,42.373,815.574,39384.11,58.224,82.85321044921875,71,48.817241268971124,1.1575624470466017,4.099344182412191,132.9359005905512,8.95669291338583,0.11228333137570869,0.014653794929457668,0.9721194580836018,12.572001458806279,2.156,44.257,414.219,10599.731,29.821
TU1L_243,1,65.55332946777344,53,54.994981795315525,0.742511366973672,2.553928639297732,91.85696997549016,6.5880055147058805,0.20525616208828118,0.03307809933486532,0.9848171771040175,11.827468389686512,2.011,255.36,1163.168,23395.755,40.275,113.00848388671875,110,32.11358303928919,0.4253528428602889,2.9200419777503472,197.38035187007873,11.120017224409448,0.08646038884425004,0.014638550875629935,0.904232393576992,12.52594664614631,2.2,34.805,390.404,10134.202,29.89
TU2R_305,0,92.17189025878906,77,53.33390890297438,0.9855937392978482,3.2568403287919976,97.59520526960785,7.568336397058822,0.13210421439873393,0.014835088259002078,0.9828330866487884,12.694725123721659,1.925,72.358,992.399,28442.245,49.229,104.85821533203125,100,41.41122879428308,0.6600987614863326,3.3266227312846444,105.25215305118112,8.01962352362205,0.12050761769402948,0.015233068060316187,0.9691536548566354,12.426190520861514,1.956,56.298,464.755,7988.338,26.466
TU1R_230,1,81.33078002929688,71,41.662326762807766,1.1887518845559049,4.18604733368288,94.33071384803924,7.588955269607843,0.1266083297330789,0.016563509876504613,0.9728232940505513,12.386131511891772,1.96,67.332,976.069,29853.446,50.27,106.24371337890625,102,47.32212393635281,0.3477084616552709,2.5386605108266185,170.34891732283464,10.276205708661417,0.09221951656427424,0.012739702006609177,0.9620119021086683,12.894626569746325,2.33,32.632,371.341,12665.204,32.566
TU1R_163,1,64.46603393554688,48,48.158829233307486,1.186914480558394,3.8632260753267684,128.95318627450982,8.324938725490195,0.13459133819539917,0.01882839102700594,0.9721853924926116,12.421275152579627,2.18,88.079,972.023,30394.519,47.444,126.99810791015625,122,47.19422482952591,0.3925992476382079,2.67506482837946,315.3163139763779,13.906865157480315,0.07154099347855421,0.011304177778873194,0.9291995001478028,13.214647023052663,2.66,20.748,309.482,17750.471,37.884
TU1R_112,0,81.01104736328125,64,54.74107615609369,1.0679722966904985,3.4369162982249093,151.85525428921568,9.268030024509805,0.11583517307685365,0.014956649249994246,0.9746334684494502,12.86924706394147,2.175,91.293,956.034,31627.72,48.516,129.95404052734375,127,41.308335284738895,0.29342357540152975,2.708432597403412,171.90828001968504,10.330770177165356,0.09531194761061634,0.01340986869432944,0.9494570280229335,12.757248554417194,2.321,32.724,372.796,12540.706,32.347
TU1L_248,1,50.230224609375,37,47.15074274136975,0.6343229692075384,2.1674025280016807,119.65755208333333,6.649984681372549,0.39021697450072024,0.19124659905729066,0.97309395657454,10.129846861499997,2.159,883.108,1325.378,22534.635,34.787,99.0167236328125,96,40.26040830836224,0.36331044879373964,2.7306590626428897,293.04792076771656,13.475824311023622,0.07277459362259935,0.012163951730613428,0.90958039184536,13.015262792289443,2.454,23.812,334.926,13811.727,34.409
TU1R_148,0,93.57623291015625,79,56.31981224694992,0.8692408147497643,2.9580831854510197,145.64160539215686,9.176654411764707,0.11324107016735481,0.013116363982312541,0.9770178514187151,13.034815405097103,2.141,59.197,887.127,34925.624,53.39,130.118408203125,127,44.94762732507338,0.31443334900964387,2.5533464321352235,181.9924950787402,10.574434055118111,0.09178317634972888,0.012761145022123832,0.9547617226496096,12.881036070296906,2.241,34.812,385.513,11070.711,30.81
TU1R_211,1,62.72346496582031,48,43.5790184554662,1.3475140151463516,4.323067829674447,77.50312499999998,6.729166666666666,0.14630536723611082,0.019936644844635115,0.9796163626815816,12.077832089460186,2.04,133.802,1136.521,26187.367,42.864,52.69805908203125,45,29.682704483446038,1.6314574329910603,6.089508816343078,70.75947342519686,6.501968503937009,0.14653243500330587,0.02374938126537397,0.9598792056273855,11.401907371800224,1.988,169.272,629.765,5644.965,19.402
TU1R_125,0,86.3482666015625,79,43.334359190467495,0.9495132581299985,3.8713169244335823,159.90511642156864,9.702083333333334,0.10374743824183721,0.013421115390119068,0.9574455388517308,12.885609648066351,2.204,41.546,806.655,41875.498,59.471,90.66448974609375,86,36.854636111201195,0.7657471211342725,3.6664693517234657,174.57886318897644,10.291092519685044,0.09734769837283697,0.014588897693992452,0.9356253854730503,12.54323385340683,2.278,35.78,384.498,11682.597,31.249
TU1R_207,1,95.531005859375,90,43.376776666422735,0.7528256158669236,3.563614440397004,152.21680453431372,9.511075367647058,0.10718518984347937,0.013121417119067225,0.9595485215269894,12.909005214259535,2.23,39.555,790.624,45382.049,61.736,112.2606201171875,109,47.126712937268444,0.3394888506073907,2.581762685288015,244.1003937007875,12.202386811023626,0.08153171286416797,0.011856671727854755,0.9450207309958967,13.080633402090692,2.432,26.168,342.845,14063.025,34.471
TU1R_190,1,99.76531982421875,92,45.50796550049664,0.6602267249539021,2.9511283031769353,126.27670036764704,8.659175857843135,0.11436083575071163,0.013452942996966871,0.9695112258070352,12.839966851506937,1.963,50.894,896.824,32198.859,53.702,144.5963134765625,147,49.036149383597426,-0.2117634047554327,2.658435334396714,206.68823818897638,11.099409448818898,0.0926896737627332,0.012075041493198808,0.9571019740899591,13.042716875088228,2.377,29.697,356.974,13507.425,33.723
TU1L_122,0,94.47178649902344,83,49.937488363327056,0.8775010008428697,3.2008289337150986,111.19244791666668,8.156357230392157,0.12012381559934694,0.013897710255182681,0.9777313051572935,12.795504942711908,2.12,58.37,898.099,37227.398,55.01,115.18408203125,108,49.15588421209569,0.4964847927180336,2.7706411039008008,149.40643454724406,9.584584153543307,0.10032138064130401,0.012997085327434389,0.9690974131106276,12.841157014984377,2.408,34.718,370.191,14446.037,33.886
TU1R_185,1,74.82852172851562,58,60.52886185263246,0.9109545904023794,2.9135523055690844,160.2492493872549,9.062944240196078,0.1521474876680983,0.021015816998393323,0.9781198754014996,12.793563662859789,2.217,96.504,899.114,35600.095,52.008,95.8048095703125,90,47.318583310126776,0.5170696881007771,2.7335159219292895,261.099655511811,12.632258858267717,0.0785179414887202,0.011851963168102653,0.9417334597349659,13.090191602305737,2.436,26.588,345.211,13391.298,33.647
TU2R_70,0,74.70391845703125,55,51.802270533717234,1.4155922863969037,4.299827003996507,118.50848651960786,8.319332107843136,0.12047145669109321,0.01739524747634745,0.9778619721555969,12.497542006394813,2.09,106.85,1041.512,27776.874,45.078,134.3280029296875,132,48.66451546502137,0.14701590779605997,2.52807255585654,142.02639025590554,9.323388287401578,0.10541232608714768,0.012972094622466637,0.9699173831637842,12.83469722388298,2.273,37.439,387.704,12374.588,32.073
TU2R_73,0,92.29888916015625,83,59.979969159930306,0.5729270519091251,2.8142931392373476,98.96804534313729,7.263082107843138,0.21126237062175468,0.09025680241007407,0.9862463986919962,12.112145728184505,1.956,227.407,1050.767,27093.136,46.246,130.90875244140625,127,50.22213266022904,0.23737769425638633,2.341522028143452,158.3150836614173,9.877829724409448,0.09668147760339155,0.01245917916330078,0.9686680762547553,12.928533387650987,2.235,36.084,390.014,11355.965,30.986
TU2R_45,0,77.69102478027344,62,50.20935123488306,1.377132237992613,4.464227644485747,79.97832414215685,6.859727328431371,0.1423017410278375,0.017125560939349832,0.9841511856752646,12.365511745135285,1.94,99.509,1088.063,26234.773,45.474,86.65435791015625,74,47.154233170120946,1.0735387930193623,3.7140280245707946,101.44562007874018,7.837352362204725,0.12404558120391537,0.01621304695140427,0.9772036997646403,12.362226383077674,2.034,57.927,463.556,8529.989,26.757
TU2R_52,0,100.71580505371094,86,55.251020171003226,0.864766617479301,2.9624067123893174,107.21876531862748,7.962760416666668,0.1253999992225663,0.013729746610023151,0.9824246917517537,12.850404622444145,1.95,63.056,956.683,29696.403,50.638,112.41082763671875,105,43.99401379121371,0.7226476179534567,3.1716757890376375,100.55437992125982,7.915723425196851,0.11986596055128608,0.015123368597804377,0.9740012185399073,12.450353637722571,2.017,51.756,449.107,8990.69,27.804
TU1R_192,1,93.05868530273438,84,44.32882588481516,0.8749171928284315,3.4026271772616985,115.15088848039213,8.22490808823529,0.12215049427076105,0.014485724542651603,0.9707170984804733,12.68858547536181,1.87,59.357,959.956,27357.655,49.818,112.9525146484375,110,40.12467071789514,0.41839379134125676,3.0167787240742525,162.08329232283464,10.005167322834646,0.09674752169034756,0.013887648461007655,0.9496955476607649,12.668767232493419,2.075,38.673,410.498,9245.261,28.845
TU1R_194,1,85.70372009277344,75,45.028415462367036,1.1907651103224615,4.306662028385944,109.02579656862747,8.12702205882353,0.11966635170300464,0.015101937066974576,0.9731402005941725,12.603355616926669,2.035,66.852,953.825,30830.794,50.5,84.68634033203125,80,32.69168709642172,0.8933945146718268,4.113849865393402,160.1090059055118,9.932455708661418,0.09816255390834709,0.016043644381840316,0.92459612995446,12.319712845600328,2.157,42.041,413.985,9483.531,28.559
TU2L_94,1,91.90007019042969,80,48.1605490531669,1.0488099750801205,3.6371553055950305,190.30162377450978,10.735600490196079,0.09345394441223065,0.012796130076180481,0.9589923188155903,13.06465408957421,2.217,40.357,802.87,39095.637,57.822,118.30096435546875,112,48.116749841203486,0.44495827222136125,2.6370106811762106,299.9092642716535,13.637241633858268,0.07240224117635867,0.011392294686370265,0.9351028598363575,13.19303159137842,2.463,24.446,335.975,13645.191,34.241
TU1R_117,0,66.22340393066406,55,57.87415817578545,0.7033782967250041,2.525770631662168,114.39748774509805,7.079442401960785,0.3002408070322912,0.10338782485668502,0.9829180041746509,11.475371654048546,2.161,377.144,1105.736,28871.185,43.198,110.88983154296875,108,42.721574683963624,0.32295995806152317,2.6444059175510235,173.78617125984258,10.297736220472443,0.09479608898087889,0.013182754474645317,0.9522555116017604,12.797682868475903,2.247,34.499,380.634,11765.528,31.834
TU1L_142,0,92.40878295898438,83,50.28365868083124,0.8015706863329173,3.2222367883496132,143.87657781862748,9.141253063725493,0.11348510909278206,0.012688165839007922,0.9715288537239543,13.00676362591212,2.133,45.812,835.958,39149.775,57.91,98.69427490234375,94,45.769665518511076,0.5842629692359131,3.0594271143935985,173.16984498031496,10.209953248031498,0.09977115976514757,0.013060185924070445,0.9586875209215121,12.830170306289041,2.323,33.068,372.166,12874.785,32.765
TU1R_164,1,64.49832153320312,48,48.38691155750049,1.1951472537079142,3.862962773225705,133.55569852941176,8.435753676470588,0.13366271915590938,0.018935062860004005,0.9714700281161434,12.427194242747763,2.179,91.779,976.681,30045.827,47.034,126.95166015625,122,46.698708673528984,0.43344140077912846,2.7332054174680365,336.5377091535433,14.422182578740157,0.06926167056390849,0.011262759031612526,0.9227953177217004,13.235697607444433,2.652,19.746,305.971,17683.604,38.019
TU2R_56,0,91.20915222167969,78,54.68926673352913,0.8764407473183686,3.050309173667786,177.77798713235296,10.135585171568628,0.10344043208756849,0.012698763343175679,0.970255896569705,13.13068211690429,2.257,56.923,843.963,39019.993,55.477,100.99725341796875,92,53.410237744034205,0.565026214697083,2.5151065944638114,153.94063730314957,9.6105437992126,0.1031299692306779,0.013072856335023987,0.9730276672581287,12.863321032623377,2.213,44.852,409.419,10439.357,29.501
TU1R_121,0,73.11137390136719,62,61.29088116748454,0.6838917429279532,2.5673474753060237,117.71109068627453,7.154166666666668,0.2787276221998401,0.13963753481375524,0.9843097207934217,11.581557164655,2.025,320.248,1143.684,24252.687,41.175,130.48406982421875,128,48.6203992957155,0.09758283499870304,2.4086547368840656,173.83433809055123,10.156311515748035,0.10135541458590305,0.012492468712223892,0.9632516148653734,12.931156200956972,2.229,34.295,382.19,11350.357,31.363
TU2L_158,0,102.01097106933594,90,53.36778294273196,0.823336940392098,3.1040692060067507,108.15643382352941,8.08700980392157,0.12148394761970337,0.013210870818214636,0.9810093194135879,12.88218558728411,1.985,57.391,924.773,32030.383,52.773,116.5953369140625,109,49.80773280134639,0.5283196970353832,2.7362736801355605,127.55345718503938,8.82240403543307,0.1080449663906107,0.013418966371414778,0.9743578409530171,12.76028379814204,2.174,42.127,411.165,10848.141,30.216
TU1R_184,1,85.38034057617188,72,61.272346702575774,0.7084246035867949,2.574434812893563,201.51686580882355,10.368857230392157,0.11952332831472962,0.013829191594877993,0.9731225157720982,13.198909962859279,2.267,57.927,823.151,39399.701,56.314,115.7789306640625,114,50.13208705771954,0.19925224635513675,2.5335959701982804,350.1418553149606,14.612450787401574,0.06791146280067065,0.010740092920155153,0.9304087413707912,13.352106526143153,2.533,21.264,320.236,14936.456,35.736
TU2R_160,0,89.91722106933594,75,55.053705236529794,0.9989875817079404,3.2850242068404842,109.24917279411768,8.04280024509804,0.12376959746200977,0.01416452938464633,0.9819499649714427,12.811858939285154,1.85,85.223,1044.921,23329.484,44.889,122.75689697265625,119,52.309570650883906,0.3774725614817784,2.500464491069642,105.35728346456696,7.987819881889766,0.12162589818684957,0.013523534519095196,0.9807651924055544,12.722347369621675,2.017,51.69,445.648,8977.04,27.968
TU1L_141,0,86.026611328125,80,58.3143046749924,0.5521857758945231,2.631328001622817,164.3552849264706,9.285493259803923,0.16487620951527002,0.04479836544579706,0.9758136159680741,12.795039363299004,2.162,113.831,907.881,33696.368,51.297,94.587646484375,90,39.527547488765215,0.6246401955213596,3.2251223726813403,134.45792322834646,9.045152559055119,0.10772298283471787,0.01463603020244617,0.9567474640781451,12.511614523631417,2.1,42.7,417.376,9951.847,29.448
TU2L_76,0,74.79435729980469,61,48.466636831561495,1.2130100818522969,4.065205278370098,85.17075674019608,6.99670649509804,0.14278344776535787,0.016761921171397662,0.981872425846472,12.412688409908643,1.919,91.963,1058.204,26823.401,46.632,75.6705322265625,61,48.650080100239336,1.0392544094809912,3.400506061616778,94.15415846456695,7.415723425196851,0.13463000422376656,0.017514496039651144,0.9801033951961209,12.247589228256643,1.959,81.497,509.765,7255.695,24.183
TU1R_158,1,60.51029968261719,42,57.77082786635313,0.9310558571274554,2.8622064162862895,125.10537683823533,7.243949142156865,0.3035936450640166,0.10790670007458955,0.9812508987742841,11.336064699697273,2.172,450.298,1132.934,27289.184,41.348,114.46368408203125,113,43.846652718213306,0.14721703155182347,2.5507705694240626,294.21309055118115,13.447096456692917,0.07419975863421148,0.011631520226179618,0.9235094153068393,13.128810478145182,2.484,23.016,329.322,14540.232,35.228
TU2L_55,0,88.69973754882812,80,58.98662472886354,0.6628380102233445,2.888477438552531,198.0222273284314,10.250689338235293,0.1688086643733406,0.07266400902117738,0.9714996617206145,12.693173838849576,2.314,142.178,864.142,38054.521,53.508,143.0848388671875,140,50.45936812588411,0.1402952318391758,2.3678171322830392,291.6032849409449,13.263102854330707,0.07739981965447443,0.011210053095016133,0.942608388195694,13.23900590794602,2.487,24.213,333.372,14329.36,34.822
TU1L_242,1,73.55662536621094,69,57.16841914315689,0.4847665163608645,2.1474900147454163,98.48270526960785,6.932613357843137,0.19288337126694124,0.02899474663450601,0.9849308886028707,12.064106669637482,2.023,212.591,1130.545,24330.491,41.349,126.3057861328125,124,36.512066254125735,0.34594046706056325,3.034434563674561,204.48628198818903,11.257812500000004,0.08850487143592624,0.013896909890688931,0.9233793329504576,12.695526226635954,2.253,33.15,380.743,10792.729,30.714
TU1R_187,1,89.043701171875,80,41.870944671550525,1.121748581133407,4.134332733117776,101.32578124999996,7.859451593137254,0.12232707158534874,0.015820719934644834,0.9711249323560763,12.485569756291122,2.004,61.985,942.336,31838.813,51.843,114.21258544921875,110,43.88252289610936,0.42046425710972507,2.796785087922185,193.5677903543307,10.949557086614174,0.08911834858727351,0.012860249294798587,0.9496546297635112,12.88641769904855,2.346,30.949,364.84,12711.952,32.705
TU1L_210,1,78.4776611328125,75,59.414938420141056,0.46552165598812606,2.3352979890819543,142.9559742647059,8.26216299019608,0.22010869798617633,0.06284610808132018,0.9797547104017716,12.248998280554703,2.096,238.98,1030.422,28020.513,45.069,112.60223388671875,109,49.18656484766604,0.37457187198467157,2.6814248264522034,253.55819389763778,12.431840551181104,0.0786399161993532,0.011590046898757807,0.9475634530783115,13.147953893149102,2.324,27.318,355.661,12075.132,32.591
TU2R_107,1,90.07098388671875,74,50.54760549712424,1.0273141861833264,3.30681662187603,88.51219362745098,7.2167892156862745,0.13622396092449057,0.01616031340752667,0.9826761958134058,12.520301845982889,1.733,84.632,1082.202,21939.952,44.441,145.849365234375,144,45.45706480634237,0.07965534155974492,2.4403797681179693,158.09092027559052,9.848917322834646,0.10112236445300155,0.012959033688312836,0.9617343893354989,12.826768877367114,2.207,36.383,390.265,11115.759,30.965
TU1L_164,0,105.08668518066406,96,47.932658408950985,0.8319670714951338,3.3602789701568163,129.37144607843138,8.730667892156863,0.11496008493992153,0.01341025754764288,0.9718412009787909,12.88398138689207,2.074,50.488,873.233,35566.601,55.39,114.380859375,110,47.807732757063995,0.39152422977897217,3.1851529641391463,221.72982283464563,9.787770669291335,0.10645174455313954,0.013530528269507918,0.9507240878250813,12.762721620756176,2.225,39.391,390.451,11831.768,31.502
TU2R_152,0,72.02294921875,58,47.80016204365593,1.122970357269136,3.6757144633610594,94.6247855392157,7.373621323529412,0.1368760959252728,0.0166440394358843,0.9792962619926929,12.45417578720589,1.97,85.723,1033.451,27331.968,46.836,107.80303955078125,100,48.91042776724011,0.5811224265704715,2.8138942887107103,125.09418061023622,8.729638287401574,0.11097005940910884,0.013622925948657204,0.9737953835369292,12.720858598029917,2.198,42.824,409.551,11308.893,30.61
TU2R_80,0,56.85655212402344,38,51.31296604278732,1.5189170322900498,4.718406190203705,79.40015318627454,6.355851715686275,0.18345336835928228,0.02421620645105948,0.9849020017652601,11.934015982620643,1.801,112.251,1134.28,21169.48,41.819,101.74554443359375,94,51.38100050421307,0.6189247832260328,2.8355920446396796,129.34098179133863,8.816867618110237,0.11358291269849191,0.01336230516743107,0.9754479746606416,12.772407523041851,2.142,45.84,419.25,10378.632,29.577
TU1L_154,1,93.40403747558594,83,51.33670116168949,0.8715818711708542,3.3245333538922504,111.80870098039215,8.141482843137254,0.122394096456336,0.013349645507494711,0.9787885813544706,12.857911939118647,2.117,51.0,868.76,39964.533,57.627,110.7548828125,108,47.421347047987176,0.3041971911187832,2.524716564654216,180.70441683070868,10.493663877952756,0.09522519555571905,0.0124659352539677,0.9597901280981104,12.935706387201193,2.37,30.489,360.83,13697.548,33.704
TU1N_167,0,86.12210083007812,76,49.044907050063856,1.0043357252230958,4.074541740960453,158.26145833333334,9.333578431372548,0.13116759072238965,0.0262111071431446,0.9669700006813332,12.710298534670592,2.14,71.615,866.724,35758.292,54.573,130.464111328125,125,50.063727026271664,0.36719890634016905,2.608500573353431,152.22477854330714,9.620201771653544,0.10403497469936406,0.012804809936744817,0.96962196115969,12.871858508294537,2.307,35.789,381.593,12732.013,32.479
TU1L_224,1,75.55705261230469,69,40.17058480011242,0.996669944252611,4.156005636203725,116.77489276960787,8.309757965686277,0.12177036333783382,0.015162899463922,0.963852335117668,12.539503840442112,2.017,62.357,928.377,32232.612,52.16,82.75762939453125,77,40.64971644928871,0.6225566792738013,2.846821475230949,178.69063730314957,10.389702263779524,0.09568871247304105,0.014055170557913731,0.9459003550369014,12.653271090283432,2.261,37.447,388.51,11205.475,30.707
TU1L_249,1,47.54341125488281,33,45.95113007542952,0.7372108371190459,2.4399341844593088,110.09745710784314,6.256035539215686,0.4200445814202004,0.1849731908146023,0.9739496085006716,9.858771252984367,2.14,977.972,1379.056,21493.597,33.551,95.09283447265625,92,38.86676255952305,0.4424885052239509,2.8289646224017635,278.7119832677165,13.098179133858267,0.07646385801629618,0.01259368747327742,0.9076447795373084,12.927465830458635,2.393,26.825,348.924,12734.496,33.138
TU1R_302,0,86.22120666503906,71,57.28103904599227,0.9733436568210738,3.1647343942608686,138.70549938725492,8.855499387254904,0.12108219380007719,0.014148048296091434,0.9788562689670566,12.926101472006202,2.084,74.444,943.825,30693.025,49.585,104.285888671875,96,43.244653199703265,0.9562638848358235,3.8532389994690295,132.98726624015748,9.019869586614174,0.10505614821018688,0.01488471374811464,0.964305381657174,12.530170011201996,2.105,47.173,431.014,9137.982,27.949
TU1R_153,1,93.97308349609375,88,43.129761632660326,0.8613525529427056,3.7734520120803094,129.76070772058824,8.80954350490196,0.1143832620261251,0.013810653833190124,0.9651224832966439,12.780286605138262,2.14,44.765,832.86,41323.631,59.243,118.86285400390625,115,49.621669756597136,0.3129721712782296,2.580092447254192,212.5198080708662,11.388410433070868,0.08558201084477259,0.011834069543711663,0.9568632341333778,13.084276979482313,2.445,27.224,343.675,14727.897,35.013
TU1L_223,1,77.40628051757812,66,53.882529367626624,0.7479055442740958,2.755314526258452,100.2221660539216,7.4398131127451,0.14589779131175382,0.01754172476156077,0.9827636747347734,12.54392086972253,2.049,84.705,992.789,28964.099,47.751,126.5496826171875,124,39.78905372443515,0.3903801911918419,2.8982602056415514,198.32787893700782,11.156003937007874,0.08217283085993816,0.013276859973395309,0.9373943508596315,12.788048215632976,2.298,31.877,371.6,11673.457,31.646
TU1L_239,1,84.7415771484375,73,47.34810973998965,1.018088271539142,3.559804425122251,92.91084558823529,7.342156862745098,0.13749647794950012,0.015830050514674465,0.9793037646269197,12.520827844726394,2.01,91.225,1022.3,29391.664,48.102,142.4947509765625,143,44.83778784174687,-0.028888334698666588,2.4249116718737973,215.13145915354335,11.571173720472444,0.08209813111586838,0.012200838748953436,0.9463811124129341,12.993945433381981,2.426,27.277,347.264,14118.994,34.345
TU2L_53,0,101.28656005859375,91,52.93901733992428,0.7250759794489919,2.8410208688694922,197.66654411764705,10.825030637254901,0.09481754332358451,0.011541038062081474,0.9647642802382291,13.277630052647542,2.316,38.467,771.812,44660.054,60.675,106.404296875,98,43.694123034875815,0.7875335142646035,3.320912223646057,150.2884473425197,9.633304625984252,0.09982200560809038,0.014073265171876789,0.9604061760143447,12.659458818327709,2.237,40.008,400.747,10922.932,30.171
TU1R_115,0,81.56425476074219,68,63.84897573669095,0.7772665141274939,2.704370389518164,115.32336090686272,7.660615808823528,0.20579904983871974,0.08166742388815093,0.9858485558143302,12.28181789010224,2.178,192.09,980.028,33263.759,49.192,131.19281005859375,128,46.247468728916246,0.2623832947509252,2.532581654564122,187.997908464567,10.782972440944885,0.0894580493014263,0.01246578347192261,0.9560131329682815,12.946457522586948,2.232,33.382,382.423,10808.216,30.776
TU2L_42,0,93.87326049804688,82,50.04937462379935,1.0003584618935861,3.5183517379434526,101.95894607843138,7.763235294117647,0.1275517551748512,0.01450065271653017,0.9796409556975489,12.709866098313078,1.847,68.222,998.554,25895.191,48.153,94.92071533203125,81,50.366139890183355,0.9337869853294928,3.2132543900146184,98.79552165354333,7.748031496062994,0.12203647614494534,0.015589114970782055,0.9805196610262531,12.450965143377971,1.953,63.19,481.247,7578.797,25.549
TU1R_198,1,66.98719787597656,50,53.42140289164339,0.9546294268575115,3.0512696806185398,78.7375,6.242738970588235,0.19528171941581499,0.02493594012965909,0.9861863995208517,12.036248246026052,1.8,115.112,1133.566,21461.578,42.132,132.8057861328125,130,45.01365895911878,0.24841976245205863,2.531423558475229,199.78346456692918,11.11626476377953,0.08897960593132424,0.012429073833016089,0.9507263813694786,12.953240610166947,2.268,30.653,370.023,11719.492,31.918
TU2R_82,0,81.93832397460938,70,52.038860869068934,1.010527675818963,3.531549440683372,130.06225490196078,8.651256127450983,0.12039637032911622,0.014026121266018885,0.9759609126643969,12.861974334736646,1.974,63.762,940.371,29324.684,50.233,99.44183349609375,91,50.51547068737654,0.6770340287755118,2.9342511871784884,150.375,9.550196850393704,0.10512551345956664,0.013241041490453916,0.9704275768787658,12.829342978486135,2.117,41.963,415.37,9645.762,28.963
TU1L_110,0,92.05142211914062,83,49.027832333425586,0.8097443480243469,3.288265796422499,144.21432291666667,9.177374387254904,0.11121310504505878,0.01277269967785534,0.9700039473981062,12.986552765457667,2.136,44.72,832.932,39400.291,58.091,98.69427490234375,94,45.769665518511076,0.5842629692359131,3.0594271143935985,173.16984498031496,10.209953248031498,0.09977115976514757,0.013060185924070445,0.9586875209215121,12.830170306289041,2.323,33.068,372.166,12874.785,32.765
TU1L_200,1,74.26806640625,58,60.734116551992905,0.8558520674166834,2.7506133234377814,112.86311274509806,7.486121323529413,0.17068221273964854,0.02313720845109734,0.9847072695490702,12.409724934262123,2.079,121.825,1011.826,28404.743,46.229,118.3294677734375,114,49.14610557484455,0.33504591141417334,2.4404467781662182,230.3708784448819,11.91652312992126,0.08162697330475376,0.011832950293760757,0.9521724567271463,13.091378648130929,2.459,26.216,341.366,14324.2,34.634
TU2R_106,1,76.95953369140625,64,42.80756819709071,1.405175925029179,4.812499143257027,75.88232230392158,6.7211090686274515,0.14306664745476685,0.018688967196484225,0.9792803973155734,12.145615689304124,1.657,96.153,1145.382,19564.644,42.172,112.29461669921875,111,35.701888043733206,0.31419163547925805,2.896445890132442,149.81668307086616,9.69032972440945,0.09746078843914556,0.014679080575320465,0.9412110489961832,12.507662172143748,2.037,40.467,418.837,8711.153,28.108
TU2L_103,0,90.78709411621094,76,52.71549522050834,1.0001646989875081,3.3342285568575383,132.73569240196076,8.869791666666666,0.11357825347688326,0.013727849335508172,0.9761134488551607,12.90150317043892,2.064,59.744,909.679,32266.407,52.19,117.47271728515625,112,41.65357136676993,0.6371989525291105,3.192440759553163,140.9931102362205,9.301427165354331,0.10286247291989047,0.014267609370489704,0.9592765387174267,12.602932851541787,2.19,39.496,402.548,10874.539,30.402
TU2L_154,0,84.54551696777344,70,55.83500810084709,0.9666153556193764,3.236328764287247,136.5431678921569,8.853799019607845,0.1182679651640697,0.013403855917246186,0.9781208197450662,12.962594822858595,2.081,54.07,884.105,34546.308,54.042,95.816162109375,87,51.7910855787639,0.7040630341237324,2.990564387665625,146.19820374015748,9.40711122047244,0.10649871218808185,0.01308240532605012,0.9727394813290432,12.828450672665873,2.244,38.975,395.166,11793.513,31.182
TU2R_93,1,70.88385009765625,57,49.18571309811129,1.0364180594034407,3.3680719005740984,67.28000919117646,6.171798406862745,0.16479674959291665,0.01866193007349526,0.9860874164354042,12.210837396139318,1.69,111.744,1183.815,19673.659,41.176,102.82159423828125,97,45.12152205907015,0.5341253712886045,2.7753597586669176,107.82640255905515,8.086737204724413,0.12124113342189363,0.014500176558141342,0.9735435456334954,12.542080539297782,2.077,49.97,437.241,9856.582,28.908
TU2L_50,0,82.90023803710938,67,51.17872266866449,1.3164188436438242,4.230250274677574,95.86793811274511,7.405652573529412,0.13577556805530927,0.016617286683075442,0.9816674653650754,12.499628060245467,1.85,80.353,1042.038,24574.025,46.249,90.834228515625,80,43.49304828713613,1.1044338855968905,3.855817335741913,104.56114665354335,8.009227362204728,0.11808051805847238,0.016553909512080616,0.9721438816863949,12.301673672828468,1.949,56.526,471.413,7485.625,25.629
TU2R_46,0,84.71517944335938,67,55.97271466236333,1.1072868802882856,3.421591435326333,109.58893995098038,8.02107843137255,0.1261567001794099,0.015127103887386245,0.9825148460298098,12.734304308084848,1.838,104.024,1089.855,21795.046,42.685,108.33514404296875,99,47.68315501025683,0.8575367436052613,3.305548852329028,101.62856791338584,7.8581446850393695,0.12340651973716867,0.014981137135245556,0.9776231539470418,12.49061623701562,1.962,55.416,463.166,8071.761,26.594
TU1R_132,0,87.06047058105469,68,59.15864510325081,0.9656064940855567,3.006841689268199,70.28177083333333,6.263572303921569,0.16431061701009236,0.016751358638114305,0.98996769972615,12.475425556660506,1.897,121.272,1116.098,26399.266,45.509,123.3602294921875,120,58.81113628654458,0.1760209139075553,2.1243184585537866,133.64480807086616,9.051058070866143,0.10727256077345734,0.01213350374360885,0.9806708790346415,12.98339421916077,2.358,36.484,378.341,14278.066,33.746
TU1R_170,1,89.09576416015625,81,42.18169465701608,1.302235438033659,4.973775415591246,105.46916360294117,7.975750612745098,0.12234517833672658,0.015895421587481456,0.9703733538595469,12.491021021963666,2.021,61.638,937.096,32078.916,51.97,120.3016357421875,118,36.78970481176558,0.36110506654868396,2.9070029716408134,193.22896161417324,10.977362204724411,0.08876813310481844,0.013877699164733663,0.9283476226614423,12.679573921937687,2.291,31.353,370.969,11883.54,31.971
TU2R_103,1,60.24314880371094,47,41.84059089867248,1.3828632813978545,4.832506323530648,71.95171568627453,6.316544117647059,0.1618984721674026,0.021072276861166906,0.9794298448748093,11.949436093887066,1.762,116.553,1172.635,20780.706,41.434,85.60882568359375,80,42.14304802472574,0.6400544348651965,2.967522165107433,144.51962352362204,9.309239665354331,0.10535458414730356,0.014396196564930172,0.9593073012174865,12.57869162055621,2.104,44.546,420.066,9460.013,28.577
TU1L_97,0,106.287353515625,97,49.83170874810421,0.7619209867655456,3.114132773992097,111.33777573529414,8.177849264705884,0.1214480673002842,0.013376122511852898,0.9775694923322877,12.851867284584158,1.983,57.198,927.268,31426.768,52.325,115.451904296875,110,47.60825202038144,0.40007145771619357,3.069594712378815,232.39874507874018,10.078863188976378,0.1056490090373084,0.01342432335698466,0.9478466724761458,12.779251933682353,2.155,40.557,399.129,10806.32,30.506
TU2R_97,1,77.12098693847656,66,44.001755366347574,1.1876293485484666,4.2352454855804105,80.99283088235292,6.945772058823528,0.13871440978399296,0.016840234038967637,0.9791162995036082,12.342421704392775,1.656,87.67,1120.818,20250.065,43.074,65.19378662109375,59,33.51764246502808,1.0312140566542574,4.237758637758133,78.306656003937,6.885150098425195,0.1383941785288525,0.01910096170338701,0.9648762021184565,11.851827741671732,1.692,92.017,564.212,5119.222,21.375
TU2L_90,0,71.76296997070312,56,50.36255516271156,1.2114994630763822,3.910614519123197,107.56034007352939,7.776363357843137,0.13527513344618144,0.016796150265898008,0.9787820340922249,12.522484089678255,1.993,76.372,983.372,29115.875,48.817,103.38818359375,98,47.68244103061596,0.5554137958744376,2.8664604400805116,173.04589074803152,10.18614665354331,0.0972236991386641,0.012867015370245654,0.9619233586751634,12.87415075157086,2.232,35.049,385.564,11425.744,31.358
TU1R_96,0,84.52848815917969,71,63.47034498547473,0.7049675427224327,2.6010375383797073,131.11204044117648,8.214154411764705,0.2002388956156985,0.08191985901109866,0.9837140486729968,12.391811667143003,2.215,178.002,943.294,34754.546,50.506,129.48699951171875,126,44.70576224232165,0.31849849600214936,2.5463130390317477,219.3724163385827,11.702263779527561,0.0809564690466441,0.012309683919311462,0.9450546541785925,12.989810949307408,2.274,30.401,370.534,11269.928,31.421
TU1R_150,1,88.30667114257812,75,52.07188032783833,0.7761058323693012,2.970548150892048,86.93030024509805,7.095557598039217,0.1607351849987085,0.034933821747988515,0.9839778150008409,12.425002811111328,1.892,118.236,1023.587,27536.315,48.422,111.68499755859375,106,53.760618087530524,0.36415005821728036,2.441515355776061,130.06828248031496,8.924581692913387,0.10927810999276842,0.01273769683613359,0.9774143506774472,12.868143375863934,2.238,40.628,399.941,11969.314,31.339
TU1L_126,0,75.15924072265625,63,42.93336649738171,1.3837423150473542,4.696369966335911,102.93673406862744,7.792861519607843,0.12626211087250547,0.0171676439449717,0.9720586891350398,12.358426874926634,1.975,84.875,1012.406,27763.751,47.558,121.33660888671875,115,50.31112709330599,0.39329640209571215,2.4718623367089214,182.3622662401575,10.56243848425197,0.09320943854175281,0.012267727057859145,0.9640693673059185,12.983088956057777,2.352,31.417,363.998,13121.16,33.176
TU1R_189,1,100.66412353515625,94,43.12429670778852,0.7243853731546279,3.3256149963321437,115.05727634803922,8.298023897058824,0.11808467016309113,0.014032134497593274,0.9691009156026948,12.71912417374023,1.944,54.021,917.387,31588.722,52.992,146.26995849609375,145,45.18209749914346,0.05685870896194506,2.484349324688431,171.8269562007874,10.207861712598426,0.09615992183153062,0.012866500685219051,0.9579344530547241,12.860479626957995,2.283,33.152,375.3,12210.771,32.246
TU2L_49,0,83.13038635253906,69,53.71307479392719,1.0819501293516052,3.5784788502520106,115.70053615196079,8.178507965686276,0.12534334625225454,0.014908991396225786,0.9799407215689426,12.752396008224242,1.978,87.473,1010.461,26877.548,46.717,115.647216796875,110,46.479762713068524,0.5549124607321448,2.7872181175043207,125.69814222440948,8.813176673228348,0.10935057695421464,0.013935862878154903,0.970753085804888,12.670302186197663,2.045,47.039,434.7,8814.777,27.76
TU1L_221,1,83.20611572265625,77,55.651466473531286,0.6393338175521499,2.701175168715515,128.24367340686274,8.30154718137255,0.1454809108453418,0.017201219168349876,0.9792738155087934,12.7364719910359,2.114,61.816,899.28,33934.321,52.68,122.5103759765625,119,42.85038116255922,0.48336391353890784,3.0520460712080326,246.51783956692913,12.427903543307089,0.07705377087852622,0.012447176170923842,0.9327018513388448,12.975955063223708,2.387,27.046,351.042,12808.012,33.089
TU2N_79,0,92.43455505371094,80,46.994617771904096,1.0400897453462614,3.563878817370035,89.50660232843138,7.34590992647059,0.1313553160838882,0.01576204512397907,0.9797134957381788,12.516671582528046,1.684,79.242,1094.555,19844.546,43.03,124.73260498046875,118,43.602205400891116,0.47939969160979945,2.733284059372296,130.84614911417322,9.004859744094487,0.10542720812468169,0.014146080951199878,0.9654276614884869,12.630268892570106,2.037,44.211,428.494,8738.919,27.975
TU1R_202,1,77.46931457519531,65,55.34554294902773,0.8357178833018117,2.993050234909659,110.80628063725489,7.6213235294117645,0.1581161303130266,0.017024526691674452,0.981908123620408,12.643630219375993,1.882,115.03,1080.217,22868.541,43.405,132.29803466796875,132,49.717719839704486,0.019757749650181053,2.3076522819108805,204.95472440944883,11.104084645669294,0.09019127151422872,0.011911838033916964,0.9585565466863997,13.064497882505512,2.319,30.474,365.835,12376.02,32.526
TU1L_135,0,90.00642395019531,83,60.927624186658676,0.48532663789929265,2.47805376884172,193.03396139705885,10.057368259803923,0.17736646326013933,0.07854871312236852,0.9739881845385934,12.69189564364456,2.382,143.299,838.307,42247.754,55.553,106.5452880859375,100,46.4128627944704,0.6217057942453328,2.9810328546840013,164.00147637795277,10.065329724409448,0.09614681320907825,0.01320082660794472,0.9618930208452764,12.807966064521244,2.287,37.853,388.522,11514.049,30.944
TU2R_63,0,100.83631896972656,89,55.419797830751634,0.779221171284852,2.8903437606114175,196.69561887254903,10.713388480392156,0.09712628487448774,0.011683835595997958,0.9679963039672952,13.272969767849931,2.331,42.51,777.694,45247.686,60.504,87.48394775390625,78,43.76204617799276,0.9983702524721935,3.773154645613624,162.85648375984258,9.849593996062996,0.10210279880651253,0.014746724688327936,0.9573225295968749,12.592861554639668,2.243,40.646,399.237,10636.714,29.875
TU1L_148,0,82.43046569824219,72,46.15919234327669,1.0834837674358275,3.9986863526591896,141.5716299019608,9.103339460784314,0.11187767307799444,0.01389966031517183,0.9668093201240634,12.818658161346661,2.099,50.035,865.907,36128.694,55.538,99.61114501953125,96,45.22526462992929,0.4093140719152181,3.0158482415284706,187.38225885826776,10.169414370078742,0.10309619459183801,0.013474968089201502,0.9535314448391693,12.764269516273787,2.258,39.569,381.864,12026.725,31.875
TU1R_107,0,87.93511962890625,80,46.79869866292551,0.8361009766234268,3.3887899351988247,162.0853400735294,9.749862132352941,0.10495093195875799,0.01275345886238132,0.9629812703700651,12.997184412729892,2.161,43.142,819.617,39567.957,58.307,102.6767578125,96,49.365831890470766,0.5818249644005591,2.9295905333431507,188.94414370078744,10.722440944881889,0.09313754116062806,0.012410335261953748,0.9611861302772161,12.961153981052023,2.363,30.303,360.82,13423.115,33.444
TU2R_306,0,73.29350280761719,53,53.82680506158668,1.2314211839985922,3.717567361898362,91.53624387254902,7.174693627450982,0.14191624159859964,0.01879983195687754,0.9842056915069537,12.359041218424677,1.972,141.133,1157.823,23595.002,41.248,91.38043212890625,78,52.0570024521721,0.8757519334358966,3.092358512315151,123.31028543307085,8.691806102362202,0.10866315824856851,0.014405525080026562,0.9772452131414208,12.645758785893245,2.152,51.101,432.874,10046.231,28.648
TU1R_104,0,71.82743835449219,60,44.31158739025188,1.272225085457118,4.412653582642882,131.33659620098038,8.716467524509804,0.1155787226441932,0.015563107304960877,0.9665269766634365,12.60210138242817,2.091,66.404,930.625,32418.897,51.261,82.82904052734375,72,46.492634601355036,0.8779827228638292,3.239660723180887,144.82049704724412,9.220472440944885,0.11121081177295133,0.014911701551304814,0.9664645747226686,12.574712583249225,2.183,54.066,433.714,9596.944,27.796
TU1R_301,0,91.47317504882812,81,45.95974111514569,1.10526513522013,3.9716778897121165,110.83970588235296,8.170220588235296,0.12002014658894664,0.014799807920253674,0.973741762400469,12.660378874089918,1.99,58.648,932.892,31210.624,51.818,118.3865966796875,111,47.947056689182624,0.5212984443165254,2.7731431125775763,146.53063484251967,9.458169291338583,0.10129854818330017,0.013299286456270754,0.9680655286091104,12.796408774100653,2.208,38.639,398.315,11147.418,30.721
TU2R_88,1,52.019989013671875,36,42.78960913871521,1.3150539642373036,4.236216358086532,59.7503829656863,5.548820465686276,0.2024754516716764,0.027050358282007157,0.9836749968815519,11.604930468847792,1.63,110.917,1193.335,18776.369,40.882,112.12811279296875,109,38.00049798839726,0.45578198966177763,3.1256237940192473,169.60593011811025,10.241879921259843,0.09307618788511977,0.0140707104667852,0.9411977083627624,12.639430512415803,2.143,36.805,398.356,10156.508,29.899
TU1R_237,1,85.34248352050781,81,50.7803827986924,0.4450535315544606,2.349406344861568,120.53967524509805,8.248223039215686,0.13070750489227473,0.014629425558855463,0.9766142533391069,12.771979449700762,2.038,71.887,945.254,30253.045,49.906,125.488525390625,122,46.35831636570754,0.3064174832144881,2.5970807335143054,210.0431840551181,11.42925688976378,0.08524811141790088,0.01222044049393604,0.9511699101324658,13.001682588218848,2.374,28.491,354.639,13203.139,33.477
TU1L_236,1,96.89118957519531,89,41.477872363045414,0.97426826944305,3.9625908311529803,105.86292892156864,8.065134803921568,0.1199612825517549,0.015007044882993524,0.9692639006251311,12.571626949467307,2.037,58.341,917.084,34023.32,53.583,128.0843505859375,126,51.24797146536231,0.13869535634031863,2.3423051380169166,160.7300688976378,9.920767716535433,0.09731514264812065,0.012317520519301147,0.9693790101189999,12.963466622128497,2.42,33.26,363.437,14901.644,34.551
TU2R_157,0,91.5992431640625,80,53.96805284783735,0.8630144862170793,3.153206146695856,71.05193014705883,6.474295343137256,0.15309261554261752,0.015029220855223681,0.9878074956183955,12.566551903605774,1.753,102.568,1135.819,21899.348,43.344,128.23907470703125,122,49.01433403048976,0.4118052024352097,2.6370598880912035,91.39696112204726,7.553334153543309,0.12535150985706472,0.01438850584951887,0.9808872840412288,12.567054071360154,1.891,57.023,475.998,7597.98,26.054
TU1R_232,1,88.94906616210938,81,40.06444812299812,1.127143122298439,4.412096306765129,105.01430759803922,7.989981617647061,0.12107369753027292,0.015750860505038624,0.9673074934671422,12.476584867384526,2.015,59.137,930.334,32716.309,52.618,112.290771484375,109,34.337487312726985,0.5833807255769201,3.237756161679685,140.07289616141736,9.358821358267718,0.10249493503874833,0.01562639251885868,0.9405259613496212,12.375344304731636,2.126,41.883,414.637,9775.735,29.045
TU1L_143,0,76.56427001953125,67,44.03405471992648,1.0623445589829559,3.9890968306459227,135.8740349264706,8.912362132352943,0.11380121561495762,0.01450693026228057,0.9649232438010763,12.721016923416489,2.095,57.714,893.77,34712.099,53.726,91.81781005859375,87,44.54395457685343,0.5245915640985651,2.9988081182696114,190.5554872047244,9.738558070866143,0.10713567551394788,0.013766545465550875,0.9514495571702413,12.696648684111889,2.228,42.566,396.016,11583.092,31.025
TU2R_60,0,92.84671020507812,78,56.97389668188125,0.8629953725711745,2.8871587747761347,122.33086703431374,8.460125612745099,0.11902424542143289,0.01377312437972947,0.9811494834721395,12.915947951643624,2.104,71.961,939.164,32724.576,50.856,103.57647705078125,94,52.05682799320209,0.6400128605573155,2.760403466941368,144.45798474409446,9.348240649606298,0.10589199292988655,0.013119810730888458,0.9734108846621798,12.83495775633624,2.206,42.061,406.926,10570.242,29.827
TU1R_128,0,88.04876708984375,76,48.63050385778821,1.1547732627443712,3.9953576832397677,107.23509497549023,8.00822610294118,0.12140386408458578,0.014931764825953906,0.9773505260846815,12.664386850660804,1.987,67.764,965.768,29916.387,50.163,103.75360107421875,97,43.01738319339817,0.6295508556677457,2.911220600946193,169.7157972440945,10.239173228346456,0.09690034716434791,0.013736137327193955,0.9541232885902856,12.7246551280327,2.18,38.328,399.171,10235.016,29.725
TU2L_86,0,70.32989501953125,54,52.451757979363265,1.3163858224410796,4.215243549385273,99.9006587009804,7.41937806372549,0.14114871601190945,0.01734133243248942,0.981803149287867,12.465711032041316,1.965,77.087,997.024,28738.29,48.734,95.8837890625,91,44.51159293009244,0.4156824467129535,2.4769241627220873,140.99483267716542,9.229822834645674,0.10482973148497707,0.013805386595401519,0.9643450908684511,12.666409155815375,2.117,42.827,415.071,9989.373,29.301
TU1R_201,1,79.16526794433594,62,56.8594814023954,0.912591122641831,2.9428130222567144,136.1004136029412,8.624831495098041,0.12949528743898917,0.01600887451684121,0.9789161594190972,12.78619282827686,2.164,70.032,916.293,33811.303,51.37,116.06903076171875,109,55.23998431460816,0.4204636069298115,2.373394611130027,248.23197588582676,12.301119586614174,0.08014490870123556,0.01123997258141667,0.9592899454145761,13.236461602333677,2.486,25.44,336.746,14850.95,35.098
TU2R_113,1,62.450408935546875,48,40.80547443183556,1.5757114043250235,5.440457061163737,65.70235906862744,6.132230392156862,0.16224147145387316,0.02249086495628574,0.9801341931554781,11.787431061250073,1.734,208.409,1377.249,16395.256,34.716,127.6383056640625,123,45.656081958327036,0.3350361345483697,2.5167083194581332,163.51759350393698,10.105068897637796,0.09296484654641723,0.012840150714222193,0.9607985898649981,12.850574259909529,2.205,35.143,388.112,11087.592,30.974
TU2L_48,0,89.06660461425781,77,52.30339312235385,1.057827309433988,3.670640251078217,92.27945772058824,7.394132965686274,0.13336868903292293,0.014662471350812382,0.9831364269202586,12.66908099551393,1.978,83.421,1019.504,28666.056,48.013,132.15716552734375,127,41.40728352098044,0.4771026545868762,2.7531441771534206,121.90828001968504,8.679072342519685,0.11111206761846361,0.014553578150825322,0.9643292545727955,12.540534441158423,2.017,46.253,437.465,8721.143,27.803
TU2R_61,0,93.91061401367188,78,58.78313331511611,0.8193922307300142,2.7417163475872717,202.49863664215684,10.726240808823528,0.09878171220649005,0.012447867087451273,0.9706867281265048,13.239385882909442,2.266,61.228,860.849,36760.136,53.414,102.8243408203125,92,52.98399742110611,0.7002944791567686,2.7935117096470026,263.04158464566933,12.649483267716537,0.07823436959970605,0.011805415386448815,0.9531044818376208,13.142514031522486,2.4,28.433,352.628,12626.935,32.832
TU1L_226,1,75.06704711914062,66,41.72449731357508,1.1202914779615447,4.244608150712664,120.07215073529414,8.422947303921571,0.12032060543171347,0.015309720909558202,0.9655154727535464,12.558754303325003,2.009,60.976,927.139,31902.738,51.999,86.24371337890625,81,41.20384184506159,0.5986753037740559,2.8963735166369187,216.74360236220474,11.487204724409448,0.0852296515204166,0.013229247306756054,0.9359868695538405,12.804332322799223,2.322,31.842,369.11,11993.574,31.99
TU1R_137,0,79.91006469726562,65,63.786363700339784,0.8207521996884803,2.760104176167358,128.5029718137255,8.073805147058824,0.20245332058031765,0.07981802401021079,0.9842113450247483,12.330804374864908,2.209,178.556,956.752,33925.33,49.574,127.89691162109375,121,49.03586862043287,0.5127561245337218,2.767759896335771,204.9122170275591,11.133550688976381,0.0937607381679893,0.012450899855744694,0.9573456550115946,12.988703754412079,2.325,32.065,368.317,12072.105,32.111
TU2R_78,0,75.88542175292969,64,46.884846073981755,0.9926669831972805,3.403716042579095,92.86992953431374,7.260370710784316,0.14182550921293616,0.0165783434895044,0.9788637463412085,12.45683598537663,1.791,95.642,1093.925,22276.095,43.664,103.756591796875,102,44.43793903072254,0.3588681268961402,2.858744438105935,136.04798228346456,9.14308562992126,0.10635048219775176,0.013624175904908916,0.9655384099832159,12.695792043663335,2.076,44.082,423.129,9418.128,28.65
TU2L_153,0,76.01181030273438,61,54.78541831750288,1.031769266347748,3.3545963627455806,125.15701593137256,8.333915441176472,0.12868646337025583,0.015441013101425297,0.9791295637908141,12.757069517296573,2.008,64.824,941.719,29759.22,50.128,107.0408935546875,102,49.685923103735426,0.4402434253751355,2.686786279954624,129.41000246062993,8.89474655511811,0.1088725788441204,0.013265311590212296,0.9737675194165836,12.78152816481627,2.212,40.377,401.484,11475.111,30.887
TU2R_72,0,88.71395874023438,71,63.531531952439835,0.7328317558954532,2.481836315313827,101.16888786764707,7.399280024509805,0.15039403038198032,0.015429086282537054,0.9874748503716863,12.78162414275323,1.857,81.25,1032.706,24964.814,46.284,118.188232421875,115,54.59541549227467,0.21433329052958394,2.31405189940562,180.06268454724417,10.515563484251972,0.09295361051751186,0.011735489380093913,0.9697386471103856,13.090155927228286,2.218,34.032,384.725,11054.695,30.944
TU1R_159,1,79.88719177246094,69,50.984863280224786,0.7595117349254424,2.784841138277215,111.30168504901962,7.8704350490196076,0.1373936322038689,0.015663601814586453,0.9785702374698662,12.655773327036572,2.009,91.6,1012.752,27439.233,46.51,125.09393310546875,122,47.46670582034294,0.24797919293942847,2.5391883647068374,240.44451279527559,12.155634842519685,0.08250934949874285,0.011772915294322294,0.9465571453233884,13.102986511292901,2.443,26.09,343.587,14011.062,34.297
TU1L_220,1,67.80931091308594,55,50.85041323070694,0.8310379304170388,2.90107618496471,95.20238970588235,7.01982230392157,0.1651040417394434,0.022136903424694997,0.9816074946335772,12.21524298801592,2.016,90.678,1022.839,26923.738,45.985,102.59674072265625,98,42.455132470274044,0.5986157030021051,3.0565858635278063,182.73628198818898,10.600947342519687,0.09478591208640462,0.013505333818380634,0.9491932158987584,12.75658913761214,2.27,35.397,384.208,11156.355,30.789
TU1L_140,0,100.74900817871094,92,46.99290614636673,0.9094643017741654,3.5889237049147473,137.54788602941176,9.086672794117645,0.11075058445505767,0.013411814830062173,0.9688556339322537,12.897504627678,2.183,44.546,827.97,40936.236,58.454,115.70947265625,112,39.43262237213984,0.48478529677333265,2.943407828834923,153.95663139763784,9.809362696850396,0.09611829148652519,0.014063245381041945,0.9503192058782516,12.627689738789575,2.286,35.754,384.917,12055.73,31.625
TU1N_99,0,81.14543151855469,68,59.52489058421745,0.8047141350161181,2.934305686903167,101.34486825980393,7.265854779411767,0.20903520359184366,0.08179904438574455,0.9857054818190607,12.179169848226234,2.022,223.401,1079.963,26297.886,44.221,141.9674072265625,139,46.589276719962555,0.15911842067820467,2.5446452853912906,225.88859498031496,11.799520177165354,0.08666329207009406,0.012039576435350422,0.9478310939864419,13.044343551933252,2.299,28.645,361.76,11908.93,32.299
TU1L_238,1,94.37077331542969,86,41.24279048532882,0.9842351372421391,3.8730738209258146,102.4925704656863,7.931295955882355,0.12026819624989432,0.015405684760730488,0.9698754315902279,12.524029858604472,2.019,60.679,932.257,32847.318,52.612,122.265625,119,45.1080395217104,0.24579989271211722,2.57724858503048,168.36614173228344,10.226008858267718,0.09302771524506125,0.012879435094803623,0.9585245147871463,12.856281404172782,2.36,33.481,371.384,13297.879,33.052
TU2R_74,0,80.52365112304688,69,47.59475850662619,1.0516881241798415,3.6991480168385027,88.875,7.1503982843137255,0.14008657028724084,0.016082756960231457,0.9804089656361327,12.491799398174182,1.65,95.953,1143.912,18745.937,41.409,103.765380859375,102,38.629572920939275,0.23193268572080444,2.7281976893556257,103.71167568897637,7.925750492125984,0.12072014470300686,0.015347716834200218,0.9652400811436668,12.385765719040092,1.811,55.581,478.285,6920.053,25.328
TU1L_109,0,79.4664306640625,67,63.38797835054543,0.6508941580602199,2.4291931026440845,161.46314338235297,8.736642156862747,0.20753373296355104,0.07837624351422211,0.9799097589378721,12.360468172823245,2.307,169.347,912.533,36953.802,51.237,131.45733642578125,126,48.09853433333232,0.3472067604482637,2.513357610216972,258.7639025590551,12.513164370078739,0.0816180259359849,0.011716448988243143,0.9440303611412738,13.123178806209477,2.464,26.271,340.776,14041.63,34.372
TU2R_90,1,85.38877868652344,72,47.80678729592389,1.221523697561414,4.10477900923907,101.32300857843137,7.805055147058823,0.12537101499443523,0.015699855684598408,0.9778566331910697,12.564485387813761,1.891,70.008,996.659,26685.661,48.2,130.44512939453125,124,45.568086205452964,0.4713325709183283,2.590785987254115,162.68208661417324,10.053641732283463,0.09391406249060749,0.01320147158371644,0.9607703579410997,12.810963253081592,2.17,35.451,392.304,10652.086,30.476
TU1R_116,0,88.89129638671875,80,64.5073587635357,0.484086719841313,2.281363098535402,83.0077818627451,6.4519914215686285,0.23211940509803525,0.07885777072916351,0.9900240569745701,12.15035761741979,1.934,233.009,1117.532,25085.787,43.709,144.7874755859375,143,46.13450924985536,0.07882311380558209,2.3783294153946746,113.15095964566932,8.328986220472443,0.11726240290795473,0.013811552681541864,0.9733548379905039,12.65842461774926,2.023,47.376,440.19,8814.8,27.737
TU1R_234,1,82.25669860839844,75,52.02724924783287,0.5522955750438648,2.440472157310815,131.25937499999998,8.476623774509804,0.13171769677170508,0.015377609335949106,0.9757435885994501,12.767708279045086,2.066,67.813,925.963,31180.129,50.616,126.6658935546875,122,46.84304581517491,0.31630259388670995,2.5667699579891283,260.8194512795275,12.668983759842519,0.07718119508149553,0.011696487924501238,0.9404886401543552,13.12388663390196,2.45,25.894,341.1,13936.506,34.33
TU1R_252,1,37.441162109375,19,42.22013912485092,1.5049702885355356,4.88094499409931,50.73765318627452,4.209375000000001,0.4415242993555559,0.1712990680607492,0.9857453310794764,9.541939291832367,1.855,1235.488,1809.397,13982.048,26.582,88.60198974609375,84,37.792903605510936,0.6876540087230631,3.3758586787609484,153.0420152559055,9.737881397637796,0.0998557569551885,0.014666701216026274,0.9464227001669525,12.519765329966141,2.133,40.658,409.717,9754.406,29.112
TU2R_85,0,85.16180419921875,72,52.66581252253617,0.9373199202688194,3.1843221438317983,107.41568627450981,7.92389705882353,0.12709951450670104,0.014330500246731903,0.9806267002696889,12.768732240938341,1.936,69.149,977.599,28516.653,49.306,112.85589599609375,107,47.352453027974455,0.5984378099777509,3.1174519165002845,133.0677903543307,8.950172244094489,0.10985548623726468,0.013736412815798847,0.9702777142142421,12.708948688080797,2.149,40.897,410.969,10490.754,29.916
TU1R_178,1,81.4970703125,75,57.32710736406804,0.5674258195995698,2.5875900801164278,155.02879901960785,8.877573529411764,0.17953177906474008,0.05251901445922514,0.9764139155879477,12.608381779830495,2.071,135.555,971.257,28975.039,47.624,109.40130615234375,106,41.36733756173232,0.4033721181069379,2.8425411326539174,272.98492864173227,12.975824311023624,0.07628563805056501,0.01228344879365028,0.9202776028712196,12.99762285854719,2.399,25.561,344.006,13082.558,33.639
TU2R_87,1,45.92073059082031,29,43.513595244722204,1.3752417213756172,4.4480107716761,50.55352328431373,4.84295343137255,0.2596262717920518,0.041017490797852864,0.9866325766582494,11.153663424439326,1.637,353.147,1465.069,14873.855,33.035,113.3780517578125,111,46.82634737318006,0.2735130652497492,2.695345270367209,169.615280511811,10.144931102362206,0.09558329021533386,0.012733165473594672,0.9613533255454474,12.89111557986325,2.258,33.853,381.273,11813.274,31.757
TU1R_160,1,75.71426391601562,73,57.503231761317366,0.42507903920005524,2.276493617636877,92.06712622549023,6.545159313725491,0.2808294636026333,0.09225989459838162,0.9860783109673569,11.61632380643186,1.887,366.33,1224.489,21008.771,38.566,143.332763671875,143,41.177481067321466,0.0015293729769826603,2.7746990451585094,190.65317421259843,10.83390748031496,0.09219083962740099,0.013110361144876069,0.9436514769024248,12.822227054156034,2.306,30.516,366.398,12379.276,32.573
TU1L_106,0,88.47547912597656,75,63.17721345236464,0.7146951795285683,2.7147968892743153,134.9396292892157,8.428446691176472,0.19148637389431086,0.07948839622088033,0.9830967512581238,12.470843780692674,2.229,176.857,931.114,36107.793,51.458,121.97216796875,113,57.4178959657688,0.4241038408998959,2.264952001104775,180.66123277559055,10.525282972440944,0.09441995704113848,0.011872380001786238,0.9725603559446265,13.078911878053294,2.355,31.294,366.084,13199.828,33.052
TU1R_102,0,75.02888488769531,62,63.525302480111264,0.8271118203698897,2.8237117357535326,114.99413296568626,7.356755514705882,0.24613343237200463,0.08525107541970378,0.9857642595084847,12.037163729925393,2.063,252.288,1075.81,27289.433,44.18,92.3663330078125,84,49.734019882984896,0.7516758006577989,3.1655768859257316,139.9739788385827,9.023929625984252,0.10958231916096305,0.01376214663716716,0.9716574178227115,12.717134563961649,2.215,41.591,404.511,11329.105,30.72
TU2L_156,0,66.64552307128906,53,50.15588434240328,1.3142721198838463,4.380104200511077,94.66796875,7.213097426470589,0.14956480879476344,0.018091710840849106,0.9811996760258295,12.37223558608182,1.891,81.394,1035.073,25327.247,46.221,93.51220703125,87,44.75941108063491,0.7465762662580679,3.258848118035621,124.93909940944886,8.621062992125989,0.11304395812756031,0.014503112232570253,0.9688533377412882,12.565754075238166,2.066,48.898,435.803,9178.009,28.142
TU1L_161,0,65.55812072753906,46,53.74233693247301,1.538976077332831,4.720669774813102,88.5615349264706,6.847840073529412,0.1555081393493254,0.020778765288876216,0.98464981659613,12.155526773708694,1.976,121.269,1113.606,24460.26,42.877,129.4810791015625,127,43.3732903730032,0.3400815239052687,2.742017970276596,141.8029650590551,9.341843011811024,0.10469501648361124,0.013831812867042251,0.9621592784650937,12.683404821895573,2.108,42.287,418.752,9331.765,28.572
TU1L_167,1,96.00021362304688,88,45.221688365066356,1.1014349543943496,4.251039613832677,93.89301470588238,7.546783088235295,0.12821813774077154,0.015080774440007248,0.9770553140557262,12.552585124817462,1.992,64.628,957.497,31549.189,51.526,111.05224609375,105,45.4155571568722,0.5270719102561955,2.8363946046911446,165.70620078740163,10.097687007874018,0.09749295013083019,0.013145312273149917,0.9598009417797094,12.816333888691254,2.339,34.12,375.081,12870.072,32.584
TU1R_181,1,68.34880065917969,60,56.490868803233155,0.6618903560607385,2.5780002034614946,131.61875000000003,7.680637254901963,0.25681657884290954,0.0955612152099717,0.9793630905559404,11.782381647644236,2.055,363.856,1135.519,24249.672,40.617,123.765380859375,121,46.261622354628784,0.2775864357817146,2.6162303592016105,290.17138287401576,13.243602362204724,0.07655545063942995,0.011526120856211186,0.9323508378034426,13.164652448768482,2.481,23.908,332.526,14399.179,34.932
TU1R_212,1,66.24569702148438,53,44.06714323845197,1.2637030919851844,4.164873950989108,82.72806372549019,6.97702205882353,0.14037520158859165,0.018501239964603917,0.9787206004583522,12.215550161766037,2.054,125.695,1093.287,28098.269,44.812,115.13287353515625,111,47.922892457354074,0.41915469476717937,2.649878603211027,163.47883858267718,10.055487204724411,0.09760445854237625,0.012710037838639781,0.9643716275436333,12.8895352296499,2.435,31.808,359.486,14752.562,34.365
TU2L_159,0,90.57691955566406,77,54.03778453186645,0.9427888830988148,3.226629998989007,97.21300551470587,7.62657781862745,0.1288648155733907,0.014125548003099479,0.9832829173393628,12.764794981323265,1.843,81.278,1052.598,23816.673,45.329,142.0281982421875,139,47.10428880892986,0.17828409577819315,2.415651269802914,106.45946112204724,8.053088090551181,0.12142632135895588,0.013988037255177995,0.975938316710972,12.620297490163138,1.985,52.607,455.248,8299.225,26.941
TU1R_197,1,44.63911437988281,28,45.181600004608285,1.208166963920784,3.6650098317345416,61.04900428921569,4.931694240196079,0.3523511625898729,0.14492227150586814,0.9850234899269626,10.402215914206552,1.856,857.53,1587.435,15822.925,30.023,103.18115234375,98,42.962437277651816,0.48757535842226885,2.922984823097217,182.56336122047244,10.655757874015748,0.09079680457799107,0.01311584417659799,0.9505025346444737,12.821229034037897,2.338,31.197,366.627,12914.683,32.837
TU1R_214,1,65.97991943359375,53,43.20071506155247,1.204717865608223,4.012094046074786,85.39514399509805,7.059512867647061,0.14040983796545556,0.01853217134368365,0.9771266827942442,12.215651941104564,2.086,130.58,1098.11,28574.867,44.525,124.2388916015625,119,51.47856863257712,0.2752055272172059,2.4153349778710935,184.14856053149612,10.586306594488189,0.09340539389471036,0.012022591589129644,0.9652528625862123,13.0299790301958,2.513,28.997,344.121,16599.165,36.24
TU1L_124,0,84.78036499023438,72,47.03360481504721,1.0312621952271452,3.4566115770254533,105.25056678921572,7.9003216911764715,0.12406047182195881,0.015469508176111623,0.9762206583245506,12.589658495298702,1.966,77.237,994.607,28264.549,48.525,129.981689453125,125,49.89541827973597,0.2914172389309807,2.427877649909195,177.31951279527564,10.423228346456694,0.09630943630577347,0.012235372488650424,0.964372029990293,12.990222382016906,2.359,30.851,362.878,13364.667,33.412
TU1L_193,1,72.64523315429688,58,50.889529941557626,1.1653931917936708,3.95339369533263,83.51193321078432,6.875658700980392,0.16729234822448885,0.0356549009317641,0.9838822372724141,12.236913836053864,2.104,170.476,1089.529,30251.307,45.747,102.105224609375,94,45.703162788962366,0.8255146879016146,3.487988564192769,149.3371678149606,9.561577263779526,0.10170361009716174,0.013799423426464646,0.9642581267439617,12.70306658151569,2.325,36.538,382.051,12967.716,32.456
TU2R_71,0,54.02894592285156,40,54.653517076737,1.2376564091770785,4.043265978897514,65.25464154411765,5.0948069852941185,0.3952306165741691,0.2890569918983823,0.9890769047186049,9.705623287360597,1.851,897.526,1528.767,16489.52,31.513,82.30859375,71,50.43734011335214,0.7581217483257815,2.818035742117683,136.3161909448819,8.976747047244093,0.11108624690633383,0.014622902758359747,0.9732127531884247,12.632113652565009,2.198,47.5,417.916,10309.949,29.097
TU1L_125,0,87.4927978515625,73,49.522682094965916,1.0613534914097222,3.44087862060174,107.16207107843138,7.961213235294118,0.12453582954052014,0.015258844742605542,0.9781510893077294,12.64300136725979,1.991,69.847,963.879,30104.218,50.282,131.29400634765625,126,50.477875512194146,0.3551022845079902,2.4487337245321905,170.32468011811022,10.203371062992128,0.0984756494651761,0.01237621329253842,0.9665684917503014,12.959784992385826,2.307,33.71,375.521,12461.176,32.345
TU2R_98,1,56.516693115234375,41,47.082675654938996,1.217607882185769,3.9709229387641867,52.87199754901961,5.17282475490196,0.2194478698808552,0.026808313628404384,0.9880808087165952,11.660289944058347,1.584,175.955,1350.293,15329.19,35.809,87.38275146484375,82,40.17145927740634,0.7484832786865729,3.2816881218955416,100.43663877952754,7.837844488188977,0.12021671464604455,0.0159203421453172,0.9688773411769603,12.316338033399452,1.885,60.474,482.819,7167.637,25.197
TU2R_67,0,95.52542114257812,81,54.62329959949878,0.9497335208291167,3.173867553212309,99.14077818627449,7.648866421568627,0.1299011966587652,0.014160084654137964,0.9834099893314083,12.760055001771505,1.985,70.597,966.428,31047.367,51.011,139.2769775390625,140,53.579717024370375,-0.009503139417170361,2.171943093170799,110.59971702755904,8.244648129921258,0.11905368116028077,0.01293769928524656,0.9807068189592579,12.806686721301187,2.066,46.891,431.966,9750.053,28.917
TU1L_107,0,69.57696533203125,52,60.557149303024154,0.8474495439061582,2.719955389792576,118.6439338235294,7.4099264705882355,0.22621467789247318,0.07871351767341656,0.983821885090935,11.957428325659663,2.164,184.388,982.954,31038.937,47.647,136.5289306640625,133,50.6996942977358,0.19889949996392664,2.292501515092438,234.4976624015748,11.897145669291339,0.0842561152683807,0.011571339493533488,0.954326391758776,13.139354225470298,2.429,27.236,345.842,13876.199,34.161
TU1R_240,1,85.62847900390625,79,52.159161790359505,0.538219680910015,2.4428177076872784,132.29738051470585,8.629427083333331,0.12660390071816138,0.014507747114204774,0.9756656948144745,12.840762599415545,2.105,73.863,929.232,32284.668,50.671,119.979248046875,116,47.6084038404087,0.38083480714042445,2.630972765468964,227.06717519685043,11.872908464566931,0.08163464847652704,0.011992179133861663,0.9499762340498747,13.059241091013083,2.408,27.12,348.029,13743.113,34.026
TU1L_241,1,82.26155090332031,84,56.61470066151667,0.32993013880405453,2.1815195892731505,129.1953125,8.104656862745099,0.16894822017261338,0.023674174268539832,0.9798411312733165,12.470145478125264,2.132,146.419,999.35,29932.909,46.693,130.669189453125,127,40.61662549413126,0.3644725951931997,2.887091867590849,264.80727116141736,12.888225885826769,0.07596546222929493,0.01252529213872545,0.9195468270657622,12.971813730852961,2.388,26.335,347.361,12778.414,33.238
TU1R_186,1,94.354736328125,78,57.30138148293069,0.911407524169976,2.955857711665724,136.8111672794118,8.99765625,0.11169759782011478,0.01312773750795874,0.97915312321519,13.014294039610267,2.104,54.757,887.985,34685.352,53.866,121.7349853515625,118,49.17491556624222,0.3590855742679004,2.61329004734709,225.8498400590552,11.807640255905515,0.08390586751261486,0.011796276267238642,0.9533459693682219,13.098067163419692,2.377,27.622,352.562,13085.075,33.37
TU2L_59,0,87.77934265136719,72,53.62343413003284,1.1681864992618574,3.728405414121098,126.71510416666665,8.651194852941176,0.1163948578346236,0.014292808904352344,0.9780006545347044,12.817652381242263,2.113,63.559,911.177,34218.153,52.769,107.09344482421875,96,53.85856129714588,0.5742570594118368,2.393655973705808,154.88207431102362,9.62333907480315,0.10210896650655092,0.013224669761892899,0.9732848399963854,12.854260640200712,2.11,44.532,422.819,9049.779,28.038
TU2R_58,0,86.66168212890625,66,57.137931687726514,1.039325615757777,3.1381557722386084,115.4244791666667,8.196476715686275,0.12273708816022297,0.015379367935615836,0.9823055596414566,12.745803808837909,2.005,91.828,1026.522,26997.819,46.059,121.1256103515625,117,56.216963765471455,0.16904253600969957,2.3936712912196594,199.3759227362205,9.855007381889767,0.10370814126106978,0.012254841799479249,0.9680053409181378,12.987815205474096,2.232,42.904,394.213,11430.65,31.012
TU1R_169,1,86.42532348632812,78,39.437025747821316,1.0395981062376058,3.997951622697317,103.48884803921572,7.9394301470588236,0.12289812134924509,0.015934826230567755,0.9667508234087105,12.448987982154154,1.991,60.084,939.941,31276.377,51.723,115.76727294921875,113,43.261344426819754,0.2845797221889484,2.6241887408595868,194.9958784448819,11.021838090551183,0.0858003217188139,0.012789285275350297,0.9479504838698023,12.885377383570193,2.346,30.269,362.409,12847.305,32.962
TU1L_172,1,95.75379943847656,88,50.34692881273222,0.787911304260888,3.2988723971513045,132.67582720588234,8.831954656862745,0.1161399543973685,0.012710358236950608,0.9738179823401609,12.979464928823308,2.181,44.678,823.235,43286.174,60.197,109.82867431640625,107,47.11918047362703,0.3462759742140357,2.7310436630529638,178.53125000000003,10.357529527559056,0.09849422672461097,0.012594513774040344,0.9598258789843513,12.916225969523554,2.365,31.164,363.265,13728.257,33.701
TU2R_89,1,46.39408874511719,29,42.513354704330794,1.5712794610498588,4.9651491183234695,50.701623774509805,4.919025735294118,0.23258451175154107,0.0327529109973896,0.985962119786661,11.21704359492736,1.573,148.496,1293.116,16301.465,37.729,113.748291015625,112,38.069320856021946,0.3129990477781859,2.778099637798334,184.6125123031496,10.765686515748028,0.08762522073773767,0.013657673678565994,0.9361877743282808,12.699185647082654,2.166,32.324,383.321,10536.11,30.668
TU2R_62,0,88.33212280273438,76,55.19573035590732,0.8433239459329973,2.9926886485678525,163.55609681372553,9.627083333333335,0.11023412955257676,0.013049560114878867,0.9731566612204745,13.066412703956855,2.254,61.081,860.194,38436.188,54.693,80.5908203125,70,44.25082955956758,1.0233726916368031,3.6632229021337013,160.54355314960625,9.836983267716535,0.10170996976429544,0.014944972141488027,0.9588037979043289,12.56696794730421,2.205,50.466,423.185,9511.007,28.021
TU2R_81,0,85.41343688964844,73,54.86907453274458,0.9498204123483343,3.294479129294933,96.12199754901961,7.462990196078431,0.13518898672357177,0.014388766460538275,0.9840394891603432,12.733109348441833,1.916,69.998,988.98,28427.362,49.254,84.09381103515625,75,43.67257155948788,1.0087539163526666,3.843816581507321,93.77725147637796,7.579170767716535,0.12453998147929704,0.016103208494037107,0.9752172742351036,12.295735166748344,1.918,63.178,483.756,7729.588,25.93
TU1L_130,0,66.38430786132812,59,53.563619391899756,0.6751300151501147,2.694223270828522,147.7203737745098,8.286917892156861,0.261123854690751,0.10575723285040371,0.9742406500036267,11.743181840552653,2.239,261.075,981.934,33465.524,47.914,109.872802734375,107,44.35009267487138,0.402789342926336,2.74254916364677,168.8374138779528,10.162217027559057,0.0987930824998213,0.013077559361057886,0.957072778513591,12.814814194265404,2.23,34.883,385.928,11155.786,30.939
TU1R_180,1,67.78248596191406,58,56.34527526075827,0.6415673767859887,2.4736163080075153,138.00137867647055,7.884037990196076,0.25283656642686797,0.09663854319390505,0.9782468960273013,11.796024141671483,2.083,340.559,1107.477,25257.858,41.538,119.84716796875,117,44.712216796383366,0.27073044863821366,2.7068305998517044,302.34239665354335,13.638656496062994,0.07155822439570775,0.01159779875709436,0.9244085701787892,13.151212348408857,2.452,23.507,333.0,13918.687,34.638
TU1L_229,1,50.582061767578125,33,49.23673323996674,0.7055421526016695,2.2727789837592574,119.1664981617647,6.526945465686275,0.40897980438545917,0.18380158225294918,0.9754471538934643,10.021994202014907,2.163,943.585,1353.722,21952.128,33.955,106.94927978515625,104,37.480521350195524,0.38407507838392513,2.8811772621517067,324.7671628937009,14.168491633858272,0.06999388916009139,0.012390881221243656,0.8846062005265335,12.97901595459758,2.467,23.474,333.135,13689.392,34.337
TU2R_100,1,55.62889099121094,40,44.872067030208854,1.198150536584735,3.9189294113653608,75.40349264705881,6.178125,0.19023666076277904,0.024893123112120396,0.9812669892288505,11.843751132899506,1.706,103.362,1138.035,20251.601,42.244,101.51947021484375,100,37.31499922027564,0.2886866516097539,2.784496053835632,185.19340551181105,10.716043307086618,0.08949905022367471,0.013736550558029435,0.9332840691205271,12.683104390805623,2.166,33.675,386.776,10338.345,30.432
TU1R_215,1,61.96385192871094,46,43.767281283720486,1.4133814439859902,4.551146138173566,77.95848651960786,6.725520833333333,0.14742962895443623,0.020456692057427513,0.9796835886533026,12.038491893840478,2.054,149.818,1163.57,25990.865,42.022,100.712646484375,94,45.93189082706312,0.5337236543863563,2.6747639484797103,157.50436761811025,9.788447342519689,0.10254315400031899,0.013406693633625694,0.962541788606302,12.773247950831273,2.359,37.693,380.093,13050.212,32.388
TU1R_149,1,72.21621704101562,62,44.156643975991024,1.1952915298656093,4.404146845433745,96.9287530637255,7.5475030637254905,0.1509018913648509,0.03532399095521055,0.9751850291362782,12.21204869123979,2.0,132.155,1046.575,27209.733,46.062,116.2237548828125,110,51.19382384397597,0.33009952550512917,2.3549378091398347,175.6625246062992,10.412155511811024,0.09303189486352981,0.012178020801893468,0.9664337709801104,13.001696532051481,2.404,31.302,362.168,14110.073,33.866
TU1R_177,1,70.75669860839844,52,56.2950871221986,1.055054440744641,3.242719353453663,115.82434129901961,7.727496936274509,0.15422923827676002,0.020264662490645274,0.981704089605277,12.449176193483549,2.038,80.394,980.747,28304.09,47.673,132.11871337890625,129,54.07055017200398,0.16978254688885314,2.209756577322807,221.0852608267717,11.657849409448822,0.08815582029589165,0.011331928800554903,0.9622402046542925,13.181253539802869,2.431,26.682,344.82,14132.001,34.465
TU1L_151,1,82.51313781738281,70,45.63300354678058,1.201565953556064,4.05093217229761,107.10965073529412,8.022150735294117,0.12066894133422221,0.015846418564893515,0.9742789102394288,12.538718691562211,1.994,71.546,971.969,29628.884,49.603,118.0166015625,113,43.10950205868188,0.5140552318120708,2.9850978898244245,145.7114911417323,9.52091535433071,0.10031939096464146,0.01381573035298208,0.9607283860332188,12.69220536457666,2.231,37.424,393.656,11570.731,31.151
TU2L_40,0,95.95584106445312,78,60.598135584492496,0.8105152916626109,2.656821723488836,106.7259344362745,7.894715073529412,0.12768111078843425,0.013874343124898969,0.9854762520731046,12.888809609502347,2.061,75.52,958.478,32571.965,51.031,139.96649169921875,138,51.126108233580105,0.12165531702633008,2.333786803118181,131.01599409448818,8.906003937007874,0.11117433800914439,0.012885824013499863,0.9749492933127822,12.828248905766438,2.184,39.957,402.866,11388.506,31.034
TU1L_105,0,79.16485595703125,65,63.5094966120483,0.7877188912078649,2.7540057681276724,121.28569240196082,7.6511642156862765,0.21396057178758873,0.08149216167610054,0.9849510155374384,12.26896630221529,2.162,203.436,989.302,32106.703,48.364,119.4420166015625,113,55.564761160715705,0.40076675191378064,2.3261588152515937,165.15218996062987,10.013533464566926,0.09971405310962478,0.012183612821842356,0.973191538708484,12.999790533734034,2.293,36.087,384.406,11957.925,31.566
TU1L_147,0,89.165283203125,81,46.86979001846364,0.8997416746664034,3.6995408788456636,154.75166973039217,9.549310661764707,0.10678582460660928,0.012907395860721595,0.9647662747087451,12.971858917960123,2.156,42.284,818.52,39846.347,58.534,93.31317138671875,88,45.852719995729366,0.5750150450985742,2.9431118921906294,217.03844734251965,10.806286909448819,0.09631815122787825,0.01314336898328094,0.9477145527895687,12.837299159946479,2.288,36.059,377.834,11766.817,31.573
TU1R_120,0,102.95068359375,91,51.01053983338391,0.8248213587856538,3.0415633776762685,155.9175091911765,9.599065563725492,0.10540289095720351,0.01271780091373737,0.9700444964862154,13.051986922911434,2.17,43.787,825.781,39208.18,57.782,120.5054931640625,116,44.38075825426585,0.4365146093081397,2.8642717851493233,149.0223917322835,9.607160433070867,0.09820070564781906,0.01342904419033446,0.9622185191424505,12.751484774881856,2.308,35.758,382.481,12776.597,32.375
TU2R_75,0,59.37690734863281,41,51.01799157801351,1.3005071939849753,4.088257421513631,80.45908394607844,6.463434436274509,0.17715740695145762,0.023443071113149635,0.9845227224726696,12.025525859347283,1.82,103.981,1102.882,22419.439,43.166,85.64959716796875,77,44.14314382839677,0.7852067324835211,3.144065137140563,98.0611466535433,7.741879921259842,0.12226460587724161,0.015688807343807298,0.974852044748142,12.376992623382153,1.964,59.001,469.433,8008.406,26.326
TU1L_123,0,70.67623901367188,56,45.631537557257005,1.2942317840991555,4.086103704415312,102.48288909313729,7.740395220588235,0.12841667741479545,0.017850391743705545,0.9753994985887265,12.349102551677197,2.039,115.895,1077.396,26694.106,44.266,113.78961181640625,106,48.12881338377431,0.4879426495427559,2.6113875015736148,192.12659940944883,10.87303149606299,0.08882209835584005,0.012567442997620259,0.9585283660598053,12.942594928974023,2.362,31.631,364.461,13010.021,32.965
TU2R_110,1,77.82481384277344,65,42.86666739103515,1.3940406014141358,4.785712549640367,73.73958333333333,6.624754901960783,0.14592854135085076,0.01865745623688152,0.9799137454168253,12.141291590186267,1.681,98.868,1139.949,20141.214,42.521,138.73211669921875,135,43.692274459266606,0.2491577159567241,2.7033144878275865,153.75725885826776,9.768700787401576,0.09833548096953257,0.013454240869880297,0.9597184828020235,12.749332689502314,2.176,36.799,395.567,10791.051,30.54
TU1L_233,1,91.20950317382812,81,46.72634069053941,1.1536880032159547,4.189988492557544,95.73953737745099,7.559359681372548,0.13019771078441977,0.015238000131216917,0.9780866829771371,12.561002046970039,1.991,72.795,980.583,30457.683,50.165,130.12353515625,127,49.62727898185931,0.19153601420647226,2.4007720189674866,198.48886564960634,11.038324311023626,0.0880893275937273,0.011921523424834558,0.9596835125245462,13.04951702037876,2.454,28.02,346.118,15044.614,35.101
TU1R_152,1,84.42486572265625,72,50.67697979467501,0.9327820686815621,3.515906769606925,95.76536458333335,7.472349877450982,0.15434843925451988,0.03478035412011052,0.9813851842612649,12.45102853387237,2.003,113.09,990.434,30138.356,49.634,77.8612060546875,74,31.460087156538435,0.752757085889784,3.7742476929791207,117.0941190944882,8.53531003937008,0.11097212525132753,0.0171326051954392,0.9402608464045681,12.128321183889566,2.105,50.238,438.331,9340.19,27.898
TU1R_174,1,94.78514099121094,88,43.03018257102333,0.8786615961227549,3.7892038535054597,135.79428615196082,9.006755514705883,0.11054604758210623,0.013834158225240959,0.963352832047197,12.803788771850483,2.15,44.831,831.772,41143.482,58.958,116.618408203125,113,46.14374691018811,0.3093654990013235,2.5893691904239673,216.2940452755906,11.561146653543311,0.08472788898062814,0.012220053412227464,0.9491317018521619,13.005295532854745,2.375,28.459,355.193,13090.937,33.276
TU2L_95,1,81.79547119140625,65,52.115892011871175,1.3177759382116816,4.1192141742633055,117.35372242647061,8.312086397058826,0.12015761131341288,0.015660309338688602,0.9783778117486183,12.653867945383935,2.106,69.117,937.752,33345.125,51.373,116.54278564453125,107,52.775420373129165,0.537080533993819,2.4440894684931997,145.64080954724412,9.373954232283467,0.1052600889100583,0.012926652956494611,0.9738605320467273,12.8617495260323,2.238,38.956,395.504,11485.169,31.042
TU2L_44,0,97.32839965820312,80,60.6494682952338,0.7991950838735584,2.672509479406098,107.5568780637255,7.938066789215686,0.12881770017582556,0.013595901066401659,0.9853863136982782,12.91170008059912,2.038,72.251,950.416,32599.503,51.62,139.38818359375,136,49.86308105763264,0.16839785862917309,2.4028278732734045,128.2808809055118,8.799950787401574,0.11231244182076275,0.013170117959238788,0.9741950084939132,12.787837166921758,2.211,42.666,408.596,11473.49,30.767
TU1R_161,1,74.99574279785156,70,58.69699417193836,0.46777645408014307,2.250348857061534,153.29586397058821,8.339981617647059,0.2671879812456579,0.1274317745047269,0.9777641421320813,11.730533669245954,2.102,325.98,1066.468,26597.213,43.029,145.86407470703125,145,42.376545687589825,-0.02506881120690544,2.6027660795355625,294.0533956692914,13.410063976377957,0.07341019090414873,0.011891727614539554,0.91814050994766,13.083932857087877,2.467,23.468,331.001,14326.13,35.014
TU2R_51,0,87.66749572753906,74,48.64732329316238,1.2650570004146353,4.221792892094272,107.73033088235296,8.044301470588234,0.12167079228557119,0.01531268267001808,0.9772148791464251,12.62103014698989,2.0,59.98,936.828,31517.738,51.868,119.30780029296875,110,52.386764487342646,0.6049809452236014,2.719463037842946,116.2140748031496,8.375738188976378,0.11652935706164128,0.013596232840366845,0.9788570845330331,12.71302168339734,2.195,45.228,413.948,11237.844,30.571
TU1R_146,0,74.1402587890625,62,44.97889226999006,1.167913317996596,4.056111085844835,191.68913909313727,10.534145220588234,0.09852645605029745,0.013936150264297308,0.9525536107435232,12.887541298343496,2.261,51.26,830.143,39367.177,56.173,103.30914306640625,99,47.359307462402775,0.4415395212406642,2.7485954247035047,216.13256643700785,11.330401082677163,0.09099022242172504,0.012228643742884697,0.9517267300808698,12.993392461617887,2.448,27.945,348.211,14762.315,34.724
TU1L_149,0,91.288330078125,82,43.44027955129391,1.1792401703226436,4.360888801120694,146.5377910539216,9.415242034313726,0.10453793885449555,0.014335092667166123,0.9612072208387868,12.765219582753986,2.102,47.683,859.295,35230.535,55.048,115.4884033203125,110,42.39312863839369,0.5784372608849027,2.9901577399936774,183.20207923228347,10.659387303149607,0.08816040351904245,0.01342030581827745,0.9488705646288763,12.779635131549727,2.274,32.157,375.038,11790.907,31.74
TU1L_108,0,67.53599548339844,48,57.259276736965596,0.9829753359346222,3.120179571033906,113.92901348039217,7.450674019607844,0.21032133264947392,0.07738596634281479,0.9826164017050614,12.012419502003564,2.133,197.531,1035.129,28599.423,45.268,128.66278076171875,124,55.980673514268425,0.23173053628206808,2.2218827578806852,194.90108267716536,10.837967519685037,0.09262940848335775,0.011566923731861432,0.9689350270035909,13.132490504703286,2.414,28.953,353.001,14059.995,34.168
TU2R_94,0,81.23191833496094,64,52.25283412613193,1.194979525027893,3.715901122359317,98.45810355392156,7.6286611519607845,0.12927070558247786,0.01631931782722135,0.9819501422068823,12.54838660371385,1.975,101.898,1069.474,25926.379,44.814,92.0191650390625,79,51.3645798899552,0.9406776452491128,3.2798204715970734,118.08273868110237,8.513718011811024,0.10928933259962184,0.014557477893160493,0.9776508395981822,12.601130978954137,2.159,49.754,429.306,9989.667,28.7
TU1R_217,1,65.36932373046875,51,44.67213679730129,1.2697735516176603,4.184582421850373,85.7227328431373,7.0556985294117665,0.14083431719001718,0.018855572149378386,0.9785261339224395,12.214839512308071,2.083,122.347,1090.443,28320.976,44.652,118.4256591796875,116,50.92394701603986,0.2519922583732038,2.5030739444242793,156.51316437007873,9.790723425196852,0.1012502399438653,0.01246623881251384,0.969812546384098,12.940799392411616,2.435,33.798,364.41,14926.503,34.491
TU1R_208,1,71.87104797363281,64,53.922657606361575,0.6398285224810795,2.623147106026907,132.74379595588235,8.040916053921569,0.20883921078924852,0.06666967435781757,0.9771767748110108,12.226896833968311,2.021,182.399,1033.154,26628.86,45.106,119.04241943359375,116,44.00214000595167,0.33142292837113596,2.651786311345554,271.0212844488189,12.937992125984252,0.07517054586266898,0.011878753065749316,0.9298743779928632,13.083037594243427,2.453,24.396,335.232,14147.346,34.724
TU1R_113,0,74.58491516113281,56,55.13991650296972,1.2071209454210465,3.7820797998427467,124.2678615196078,8.32113970588235,0.13034657031557126,0.01653091779497325,0.9795350853265343,12.651119343425728,2.104,104.066,1029.455,28140.221,45.352,131.02001953125,127,45.395883296969984,0.2877400813885368,2.6102378509052606,176.0454601377953,10.41812253937008,0.0920988281505218,0.012822381830206423,0.9571205116462349,12.880995707668172,2.321,32.379,370.937,12717.556,32.615
TU1L_98,0,102.08084106445312,92,49.17386993118812,0.8945856581324276,3.4408837199584505,137.16023284313727,8.968290441176473,0.11183816891807306,0.013322908930909034,0.9716426882135634,12.93204660216701,2.123,47.534,852.147,37505.702,56.525,108.91119384765625,107,52.56835195844989,0.053403804613447965,2.9364114797373237,212.39474655511813,9.582123523622046,0.15221995124590182,0.05775878327743104,0.9611482781990776,12.36005734903263,2.24,57.027,407.658,11219.914,29.987
TU1R_216,1,64.61735534667969,50,43.94071042222811,1.2176689621988057,3.8689158144106663,81.50883884803923,6.879518995098039,0.1458886788526029,0.019313199148203987,0.9789085680550947,12.15375938428489,2.083,136.25,1112.318,27952.513,43.897,103.73016357421875,99,42.655063837933305,0.5252916470763247,2.92387896492791,160.7501230314961,10.003690944881892,0.09484041408253861,0.013564745523954449,0.9557509781915164,12.72916963715773,2.353,33.202,370.901,13157.163,32.944
TU1R_206,1,96.41253662109375,91,42.02670758808569,0.734233147062623,3.4643996418989507,140.88350183823528,9.257460171568628,0.10679646917793521,0.013467169003391713,0.9601406192619907,12.82829726304841,2.183,41.376,810.578,43315.708,60.424,115.1436767578125,112,44.49167086022481,0.3431193552998062,2.6990277167853227,227.49470964566927,11.878567913385826,0.08390373913293292,0.012238542224250772,0.9424099103648679,13.002001908365823,2.463,26.366,341.121,14803.792,34.984
TU1L_129,0,90.60594177246094,81,43.42886472139567,1.1514393916097092,4.263333551490345,150.95840992647058,9.568673406862743,0.10341397553463272,0.014200813813664764,0.9598698738287167,12.78797721270373,2.106,46.211,853.208,35300.768,55.23,112.4771728515625,106,44.12661798130658,0.6651739977549704,3.2291078582143524,149.62936761811025,9.625307578740157,0.09974804705253441,0.01387517663464562,0.9615873331795166,12.696280720311256,2.291,37.38,389.848,12112.966,31.527
TU1R_135,0,100.77291870117188,94,45.67881006780579,0.6036683598021825,2.899023499802615,139.8836550245098,9.12559742647059,0.11045918432572623,0.012900171714349224,0.9664651372460482,12.935107544056327,1.998,46.92,870.895,33359.35,54.765,146.52252197265625,146,45.977480270013686,0.007160886165296585,2.399691768519716,240.85894438976385,12.135519192913389,0.08140000834374606,0.011888147098902563,0.9430232693199899,13.06520250835472,2.386,26.357,346.631,13387.417,33.984
TU1L_101,0,41.048553466796875,10,52.63499366706855,1.4536455139631141,4.148187503564134,49.49731924019607,3.7392616421568627,0.5316658581559061,0.21232477837984687,0.9910509652923689,8.843915406828332,1.906,1735.058,1968.469,13495.2,24.647,119.4420166015625,113,55.564761160715705,0.40076675191378064,2.3261588152515937,165.15218996062987,10.013533464566926,0.09971405310962478,0.012183612821842356,0.973191538708484,12.999790533734034,2.293,36.087,384.406,11957.925,31.566
TU2R_105,1,43.40605163574219,29,37.54233075488975,1.699412174636877,5.869635785313593,57.57587316176471,5.353232230392156,0.20626478160785225,0.031312241277139816,0.9795161757507498,11.2112640939413,1.626,101.625,1175.95,18788.821,41.347,116.2999267578125,115,43.80368229957897,0.17318196994486226,2.5058073290601657,206.3347071850394,11.202694389763781,0.08728600241000188,0.012535560134825131,0.9462011459047404,12.927765261451622,2.335,29.133,359.255,12851.225,33.183
TU1L_205,1,92.1695556640625,82,51.15407578943172,0.8715717632556059,3.3085751714998235,97.9874387254902,7.610692401960785,0.13035572184727662,0.013841335693664908,0.9812814404132549,12.7648314821377,2.072,58.727,911.904,37689.009,55.769,105.54888916015625,101,46.462509852181704,0.5033314830268875,2.935243823844948,165.35531496062998,10.058932086614176,0.09882713244473795,0.012948955371541433,0.96153445321094,12.848135061146117,2.313,33.08,373.838,12888.735,32.734
TU2L_169,0,71.56060791015625,55,50.02480849159424,1.2711271939581654,3.9983774402194494,105.68650428921569,7.777680759803922,0.13131334614536508,0.01739472810700571,0.9788694573979193,12.465053355489887,2.03,99.469,1034.132,27726.788,46.135,83.37115478515625,76,36.78911642574709,0.8685422560701733,3.5286439472803957,100.22840797244093,7.869894192913386,0.11865033793100649,0.01688716529209989,0.9629919574417981,12.176324424951487,2.023,54.593,455.855,8665.789,27.263
TU1L_245,1,87.12799072265625,90,54.59697871164088,0.2656491358756605,2.3234704478346786,135.3157781862745,8.475520833333334,0.14699797936179332,0.017788815076861524,0.9772757116055485,12.692911861411039,2.109,74.023,926.909,31833.311,50.364,122.33184814453125,119,36.325475996864995,0.47955984357913484,3.0437319982232567,192.0824311023622,10.9474655511811,0.08583144952460187,0.01405543979342364,0.9272458296263151,12.643433261128191,2.233,32.903,380.089,10842.578,30.848
TU1R_191,1,85.93331909179688,80,39.84529152280531,0.7173221982225017,3.236700924188569,146.218443627451,9.30251225490196,0.1082764010517862,0.013864259158491984,0.9539925903107098,12.757479474289447,1.993,47.095,874.231,32670.98,54.253,103.51776123046875,101,41.15443982076013,0.3654383948959292,2.827263513008965,213.2936146653543,11.397207185039369,0.0855687780184292,0.012919625213966883,0.9371380302253995,12.852830387922381,2.261,31.815,373.57,11284.17,31.408
TU1R_127,0,93.69009399414062,77,54.41307089922005,1.0598337657578416,3.3165499515055585,121.28906250000003,8.520986519607845,0.11607025812976816,0.014223100174612067,0.9795342530172894,12.825682501402557,2.083,55.993,899.961,34735.018,53.848,127.54010009765625,122,55.5170100656601,0.2893708810380223,2.290990586328784,174.4382997047244,10.290415846456694,0.0968530987263382,0.011866003514940437,0.9717070560616504,13.05552962279497,2.458,31.043,354.265,15259.64,34.96
TU1R_165,1,64.15968322753906,47,48.43056558147196,1.2103132880403258,3.8980964120571597,135.02797181372554,8.465931372549022,0.13330172504337165,0.019004635814067295,0.9712084399309172,12.425407861434751,2.184,86.319,962.614,30832.789,47.89,127.881103515625,123,47.160903093751195,0.4087624924547428,2.6702465235210706,334.13238188976374,14.393085629921258,0.0673543767842421,0.01125057276000287,0.9248473571795006,13.237226357001143,2.674,19.809,305.019,17906.071,38.146
TU1R_203,1,94.67800903320312,90,41.73294565996901,0.7569819764767904,3.6649836356531305,134.56527267156864,9.006142769607845,0.1096487621319736,0.013732122106648453,0.9613849872108516,12.788466343243096,2.143,43.519,827.85,41453.485,59.346,115.34368896484375,112,46.70860812226868,0.30204442629176376,2.6263186097140516,218.28211122047247,11.552411417322837,0.08484069779399327,0.012123909665612562,0.9499648667639196,13.02213238380461,2.459,26.962,343.788,14607.061,34.747
TU2R_108,1,77.05642700195312,64,43.3372806413373,1.401663608136801,4.787381168443527,75.56439950980395,6.688664215686276,0.14481964951546422,0.018720114872088855,0.9798745398608805,12.147426320972667,1.661,105.352,1170.814,18982.322,41.06,136.53521728515625,133,41.46998608718059,0.2950396955338772,2.742909525628932,159.45663139763778,9.949987696850393,0.09665567869679685,0.013610698105684396,0.9535150454518918,12.721478961031318,2.164,36.545,395.442,10460.643,30.224
TU1R_231,1,88.16658020019531,79,40.528594755532694,1.1739213108723532,4.377821843630102,104.83455882352938,7.98985906862745,0.12166285467449833,0.015992474649970303,0.9681125221698158,12.461287004924566,2.02,59.011,927.174,32805.285,52.63,111.14617919921875,108,34.103389753466914,0.6920540781200826,3.656894259298492,139.49753937007873,9.274114173228346,0.10206427335191684,0.015902029090231168,0.9395566278455691,12.339167810123161,2.144,40.499,409.285,10063.321,29.465
TU2R_101,1,66.29339599609375,54,42.51449348274261,1.3326854153314438,4.73821444032663,69.18025428921568,6.3548253676470585,0.1547408906089992,0.01907985013780081,0.9808578598465183,12.078880389885002,1.736,114.3,1176.124,20765.46,41.792,100.90667724609375,96,43.025743671670824,0.4665506223259878,2.693704019730589,146.6375492125985,9.52669783464567,0.09769571605413402,0.013739029682037393,0.9602448153255461,12.681199776697698,2.123,39.192,406.369,9973.605,29.554
TU1L_228,1,49.62046813964844,29,49.43218771213154,0.7489444960822452,2.3546500047744856,128.50657169117648,6.663710171568628,0.425304785367805,0.1887714345798265,0.9737291822778765,9.888873605909943,2.226,956.107,1322.703,23395.254,34.703,101.1602783203125,99,35.1278436532507,0.4193583395833024,3.225875745154734,321.3740772637796,14.041277066929133,0.07154204481392532,0.01289389742498221,0.8698307952697456,12.886250674740024,2.455,24.11,335.91,13557.252,34.109
TU1L_136,0,92.16259765625,84,41.82144709943049,1.0853224730526227,4.248878437941067,125.11038602941176,8.732996323529411,0.11076152357919308,0.014790493767919752,0.9642404956203019,12.655521817341683,2.024,52.198,897.919,32616.847,53.239,84.63446044921875,81,33.49828348676199,0.6413660691740786,4.674059096611454,165.56188484251967,8.837844488188978,0.11404466781532475,0.017159145020012742,0.9246361408348336,12.129240996937975,2.027,58.952,451.249,8624.228,27.139
TU1L_171,1,101.36320495605469,92,53.46872626119738,0.7193673836571293,3.000441564071828,107.82104779411767,8.001256127450981,0.12524758677050196,0.012887391116993373,0.9811421246894727,12.92809178213804,2.15,49.251,853.766,43482.527,59.88,109.80596923828125,104,48.911804656732414,0.5658714063837195,2.892592543759642,135.70441683070868,9.060839074803152,0.11069094613751616,0.013290747496307135,0.9716793301543177,12.775276552029217,2.288,38.351,389.825,12758.931,32.292
TU1R_155,1,78.07160949707031,66,44.757707997399905,1.2587546839648434,4.268415289676816,99.7936887254902,7.743106617647058,0.1262826481359066,0.016342692611218332,0.9751022141051714,12.45910832537263,2.01,79.425,1003.513,28876.339,48.166,70.1090087890625,65,29.11741840520734,1.1878031884374758,5.334692493361204,97.15151328740157,7.754244586614174,0.12093596427121082,0.01928241516612207,0.9421359757123311,11.82530563519006,2.033,60.591,470.242,8300.45,26.331
TU1L_204,1,92.31410217285156,83,50.18078084989205,0.8405827577385658,3.3086578731985203,101.38063725490198,7.718841911764707,0.1302679463155608,0.013769269093618914,0.9798770454528575,12.774626732774966,2.113,53.72,881.004,40980.072,58.144,110.006103515625,106,48.016294504495136,0.35158873977780586,2.5976656964789124,179.0984867125984,10.44814222440945,0.09479525298325318,0.012449760070513974,0.9611282444849757,12.948660455591773,2.372,30.666,361.732,13802.271,33.704
TU1R_145,0,78.55746459960938,70,60.90134589404827,0.6458138258238537,2.6414881838928252,178.12838541666667,9.309727328431373,0.2239029053732499,0.08576766678026491,0.975985693730097,12.294299732924825,2.289,198.169,912.532,36366.862,50.984,108.20526123046875,103,49.539764589086516,0.4615316849679404,2.789388735329042,175.91621555118112,10.341412401574805,0.09506238886002194,0.01246464504767143,0.9641405905442862,12.943983565117167,2.384,30.376,359.035,14181.882,34.115
TU1L_182,1,74.36439514160156,69,57.17165199416841,0.5273406980119778,2.343414499480111,144.734068627451,8.339920343137255,0.2052048155630129,0.05679323127092015,0.9778685256090757,12.297591164893959,2.06,216.424,1032.062,27019.037,44.766,116.4891357421875,113,46.72913115364068,0.3624212456046048,2.6797825476707113,291.34491879921256,13.384534940944881,0.07453812984974319,0.01151947057846512,0.9332156681709607,13.169881887786618,2.384,25.424,344.84,12696.759,33.308
TU1R_175,1,91.632568359375,86,42.2724571805249,0.7681239571238869,3.496849976429201,136.95969669117648,9.046553308823528,0.11088213277561522,0.013643893088133538,0.9616993604067319,12.802415254608317,2.159,44.002,823.762,41974.689,59.675,115.232177734375,113,48.36164599618791,0.2847728386036262,2.4880654833744327,222.06914370078738,11.66732283464567,0.0874865727195402,0.011854038357133329,0.9524758381742878,13.075589493899981,2.419,27.032,346.967,14015.542,34.336
TU2R_104,1,45.759368896484375,28,41.78062462417806,1.640779953647342,5.393237788066569,55.04001225490196,5.185018382352941,0.21688628403364943,0.03252658675647921,0.9842446121990103,11.234526636606411,1.598,109.09,1206.734,17827.127,40.199,96.12255859375,94,40.697276377988864,0.29621774377956894,2.6797225200005164,172.8909940944882,10.20792322834646,0.09765987075699037,0.013478197257492708,0.9477925129360074,12.728707535448532,2.218,36.218,389.137,10928.669,30.78
TU2R_112,1,59.57810974121094,47,38.38088161985282,1.7485933608355366,6.324849322935041,60.57372855392156,5.901148897058823,0.16390709320360988,0.023673324292284893,0.9793454458440441,11.623542217453043,1.694,232.465,1455.288,14842.682,32.924,125.81072998046875,121,45.88403834885886,0.3086338793515981,2.5238589397927966,161.6598179133858,9.945127952755906,0.09918539037236372,0.01295574814210163,0.9616299000607055,12.84550774400108,2.223,36.194,388.972,11230.994,31.004
