Image_ID,Krank/Gesund,bone_Mean_Hist,bone_Median_Hist,bone_Std_Hist,bone_Skewness_Hist,bone_Kurtosis_Hist,bone_Contrast,bone_Dissimilarity,bone_Homogeneity,bone_Energy,bone_Correlation,bone_Entropy,bone_SRE,bone_LRE,bone_GLU,bone_RLU,bone_RPC,muscle_Mean_Hist,muscle_Median_Hist,muscle_Std_Hist,muscle_Skewness_Hist,muscle_Kurtosis_Hist,muscle_Contrast,muscle_Dissimilarity,muscle_Homogeneity,muscle_Energy,muscle_Correlation,muscle_Entropy,muscle_SRE,muscle_LRE,muscle_GLU,muscle_RLU,muscle_RPC
TU2R_102,1.0,256.0,20.5,446.2424,2.1142733,3.6520743,14.43783701,2.81838235,0.31269172,0.03949085,0.98970381,10.16480159,1.27,468.561,2071.752,7506.667,23.949,64.0,2.0,102.7849,1.4492317,0.5911596,27.08679872,4.07621801,0.21541574,0.02848671,0.96826737,10.67914519,1.293,222.77,829.121,2419.194,14.969
TU1L_219,1.0,256.0,102.5,320.4144,1.7798878,3.3045607,20.80647978,3.34618566,0.2812096,0.03120457,0.99444818,11.0158049,1.796,340.769,1574.933,17509.168,33.737,64.0,17.0,91.56913,1.4844398,0.9073503,19.7988435,3.34165846,0.27151954,0.03122471,0.99005484,10.66496227,1.708,388.677,873.996,3763.719,15.538
TU1R_199,1.0,256.0,16.5,498.70007,4.99887,35.975754,22.92873775,3.23434436,0.36294889,0.07434675,0.98776993,10.04594609,1.466,1450.179,2414.354,6923.027,19.732,64.0,1.0,104.20529,1.5147316,0.85166645,41.66357037,5.06120817,0.17946356,0.02606196,0.9501763,10.94129311,1.498,177.398,749.28,2915.92,15.922
TU2L_54,0.0,256.0,88.5,277.8957,0.69315124,-1.2111499,45.74496017,5.03181679,0.19346716,0.02143947,0.98571957,11.70494154,1.675,378.638,1660.105,12143.768,28.772,64.0,21.5,79.48162,1.1538287,0.17660499,31.92962598,4.38508858,0.20391648,0.02419251,0.98619102,11.24416055,1.527,262.602,837.613,2779.211,14.793
TU1R_111,0.0,256.0,167.0,263.16104,1.0678853,0.47376156,40.76775429,4.38782169,0.26358791,0.02913612,0.99063056,11.45583759,1.727,486.874,1710.149,12519.892,27.896,64.0,38.0,70.07,1.0746765,0.06371403,52.15981791,5.59916339,0.16693945,0.01985377,0.98151356,11.78109797,1.718,125.003,630.34,4639.832,19.713
TU2N_96,1.0,256.0,115.0,363.18716,1.7504834,1.9645486,23.99859069,3.6346201,0.25433798,0.03058666,0.99197908,10.94996432,1.665,1332.541,2346.103,8414.932,20.405,64.0,13.0,96.772644,1.5069762,0.76756334,48.85980561,5.42981053,0.16901731,0.02461914,0.97153537,11.22614993,1.886,132.344,602.852,5579.755,20.87
TU2R_47,0.0,256.0,76.0,318.6244,1.23279,0.1351049,34.98547794,4.19200368,0.24624765,0.02816219,0.99080934,11.25742485,1.566,288.752,1619.796,11885.23,29.664,64.0,30.5,76.669846,1.4847474,1.0185742,30.66689222,4.04669045,0.23368532,0.02586673,0.99279558,11.26883646,1.348,334.701,937.405,2194.479,13.087
TU1L_218,1.0,256.0,89.0,339.2686,1.4781362,1.2171593,18.4448223,3.15530025,0.29204269,0.0324035,0.99414403,10.81047131,1.766,554.086,1810.791,14718.039,29.457,64.0,9.0,111.02245,1.8403904,1.9172091,20.61355807,3.48351378,0.25252306,0.03391136,0.98602372,10.40246685,1.532,432.52,895.721,3043.701,14.849
TU2L_151,0.0,256.0,67.5,367.07098,1.6673692,1.6625128,35.88011642,4.56773897,0.20433321,0.02587142,0.98405687,11.26644177,1.577,400.731,1767.155,11256.507,27.953,64.0,13.0,109.61114,2.0330846,2.902523,24.63158219,3.74538632,0.24637964,0.03308632,0.98952696,10.57931215,1.575,375.921,878.451,3137.201,14.657
TU1L_243,1.0,256.0,84.0,596.9752,6.1706443,44.867874,20.06813725,2.94840686,0.38656581,0.08297669,0.99401841,9.84417329,1.533,1997.686,2683.411,6489.442,17.786,64.0,0.0,131.32411,2.0578585,2.8378663,24.49729331,3.89603839,0.22208193,0.0352376,0.94117743,10.10066836,1.527,577.482,1130.131,1744.472,10.385
TU2R_305,0.0,256.0,92.5,285.48053,0.9074613,-0.6115632,25.97290135,3.74330576,0.25643144,0.02618627,0.99229538,11.25968731,1.518,754.693,1989.682,9915.128,25.14,64.0,11.0,92.512665,1.2709074,0.0311861,15.87063238,3.06735974,0.28023853,0.0310029,0.98852981,10.51818093,1.233,700.528,1247.947,1403.575,10.033
TU1R_230,1.0,256.0,31.0,401.51364,1.762545,1.9957356,16.76001838,3.15070466,0.2725013,0.0327071,0.98858683,10.53982612,1.515,966.59,2232.723,8205.743,22.161,64.0,14.0,79.4996,0.832283,-0.9418354,29.64228593,4.22742372,0.2129706,0.02414307,0.98203747,11.13991316,1.545,278.566,814.704,3115.448,15.65
TU1R_163,1.0,256.0,69.0,418.537,2.9215243,9.376223,26.26907169,3.56839767,0.29359066,0.04167469,0.99077444,10.625281,1.82,1217.514,2245.139,9736.19,21.001,64.0,8.0,99.18004,1.5652534,1.0411053,57.68171752,5.93417815,0.15362878,0.02385392,0.9607244,11.29390019,1.856,144.447,624.908,5230.371,20.057
TU1R_112,0.0,256.0,122.0,309.04974,2.094152,5.1562862,44.8814185,4.61747855,0.23866014,0.02892229,0.98991882,11.46812379,1.773,259.129,1482.934,14991.876,32.001,64.0,8.0,96.269035,1.3760226,0.40936852,27.16277067,4.07775591,0.21832855,0.0275875,0.97678664,10.82371519,1.57,321.58,883.237,2862.328,14.282
TU1L_248,1.0,256.0,0.0,1324.6298,14.61409,223.39388,20.42496936,2.72380515,0.5035775,0.30140682,0.98585487,8.05085998,1.5,2253.208,2670.171,6413.38,17.66,64.0,1.0,114.79952,1.7542994,1.6326394,39.26765502,4.9250123,0.18349431,0.02829012,0.93965982,10.72019316,1.542,225.892,790.838,2877.605,15.191
TU1R_148,0.0,256.0,125.0,258.21887,0.7733769,-0.84453607,41.88858762,4.67342218,0.22041821,0.02281826,0.9899391,11.68588341,1.657,333.762,1550.888,13673.067,31.34,64.0,12.0,90.55916,1.3566324,0.61094046,27.10488435,4.0546875,0.2183272,0.02643954,0.97808765,10.9247569,1.402,229.945,839.561,2597.019,14.75
TU1R_211,1.0,256.0,17.5,436.4366,2.3655188,6.082365,13.26962316,2.70519301,0.32215196,0.04124431,0.99137851,10.13503746,1.659,776.927,2159.88,9895.322,23.454,64.0,0.0,155.72339,3.053202,8.874794,8.53088091,2.22170276,0.35739617,0.0564116,0.98166145,9.05414743,1.805,450.522,894.989,3450.309,14.007
TU1R_125,0.0,256.0,33.0,411.9329,1.6273746,1.1783423,33.12144608,4.29666054,0.21954903,0.02883282,0.97768344,10.90220331,1.649,394.737,1719.046,12619.044,28.933,64.0,2.0,123.14258,1.9179796,2.216823,24.03961614,3.74987697,0.23828082,0.03445552,0.96353827,10.20816079,1.594,507.584,994.962,2578.282,12.564
TU1R_207,1.0,256.0,48.0,381.9434,1.5660701,1.173584,29.13648897,4.10762868,0.22496661,0.02718265,0.98095284,11.02415793,1.556,237.617,1521.957,14014.818,33.574,64.0,9.5,86.06543,1.06674,-0.41449904,39.72674705,4.89000984,0.18871009,0.02343572,0.97567394,11.23517568,1.552,194.025,716.432,3591.854,17.457
TU1R_190,1.0,256.0,68.5,301.17398,0.7680525,-0.9337077,24.13685662,3.7551777,0.24014825,0.02477332,0.98815334,11.16008849,1.263,436.832,1895.218,8146.384,26.054,64.0,17.5,85.26883,1.2441941,0.06598043,36.17181348,4.66972195,0.1984595,0.02370872,0.97768795,11.28899851,1.45,174.354,727.794,3471.531,17.61
TU1L_122,0.0,256.0,92.0,310.32336,1.033197,-0.34420562,24.82867647,3.78416054,0.24059174,0.02533127,0.98929701,11.17606768,1.631,556.642,1770.466,12547.198,28.976,64.0,18.0,90.31304,1.4542016,0.6978328,28.69371309,4.19777313,0.21173996,0.02636483,0.98452723,11.04919134,1.756,178.404,681.874,4995.878,19.759
TU1R_185,1.0,256.0,97.5,355.00687,2.3734524,8.656289,43.20942096,4.50093444,0.27970801,0.04385179,0.98600047,11.05790494,1.667,557.397,1637.282,12972.177,29.373,64.0,7.0,89.3406,1.1607566,-0.20051289,47.41879921,5.30880906,0.17884481,0.02346296,0.96757012,11.26334344,1.639,185.137,714.551,3542.773,16.875
TU2R_70,0.0,256.0,84.5,422.35333,2.737861,7.529231,29.87598039,3.87895221,0.25700126,0.03625658,0.99028193,10.82598764,1.745,455.57,1670.499,13262.433,28.748,64.0,18.5,76.5888,0.9879112,-0.49412894,27.15151329,4.06059301,0.21955407,0.02406418,0.98782511,11.21978018,1.526,213.603,773.232,3425.944,17.003
TU2R_73,0.0,256.0,148.0,473.07233,11.647048,164.22195,25.84223346,3.61882659,0.31202149,0.10681006,0.9951382,10.94272014,1.462,763.468,1973.195,9232.721,25.178,64.0,52.5,61.358006,0.55498517,-1.0062594,36.74913878,4.6699065,0.19618059,0.02019095,0.98825177,11.66862043,1.454,189.224,762.15,3101.785,16.42
TU2R_45,0.0,256.0,65.0,395.38165,1.9545428,2.8006763,20.88866422,3.28664216,0.2848251,0.03476351,0.99323106,10.68012205,1.643,879.132,2196.396,9872.495,23.0,64.0,17.0,109.72376,2.5088496,5.9014006,17.38195128,3.14031742,0.28019504,0.03728433,0.99234444,10.40318087,1.431,1012.546,1322.347,1643.895,9.689
TU2R_52,0.0,256.0,138.0,237.86646,0.67952716,-0.846508,30.96862745,4.09022672,0.23663287,0.02271918,0.99314112,11.62995418,1.51,727.454,1912.723,10238.79,25.997,64.0,20.0,87.15033,1.4807988,1.186696,16.40046752,3.14653051,0.26868431,0.02951054,0.99214484,10.71542318,1.327,316.665,912.402,2401.139,14.251
TU1R_192,1.0,256.0,51.0,339.60352,1.4359802,1.3794217,21.51737132,3.50928309,0.25848096,0.02851167,0.99004011,10.94728408,1.214,738.915,2242.435,6171.182,21.615,64.0,5.0,100.57056,1.5920364,1.2172594,22.21598179,3.67747293,0.23491291,0.02987092,0.98058204,10.63946114,1.244,326.099,974.11,1818.932,12.48
TU1R_194,1.0,256.0,65.5,321.02228,1.0404484,-0.5302994,21.50863971,3.50235907,0.25570015,0.02712694,0.99171201,11.02792171,1.657,728.156,1980.203,10368.828,24.712,64.0,0.0,127.94793,1.9533064,2.3224654,20.28494094,3.49778543,0.24904336,0.037078,0.95952205,9.9864919,1.563,983.315,1191.907,1890.626,10.084
TU2L_94,1.0,256.0,80.0,351.16388,1.4879977,1.0389228,42.80307904,4.94198836,0.19232443,0.02474,0.98236505,11.40372973,1.72,471.535,1716.182,12184.222,27.79,64.0,30.5,70.73283,0.8296628,-0.71623135,57.01039616,5.86534203,0.15966218,0.01977547,0.97880778,11.76927147,1.688,143.794,661.556,3892.833,17.953
TU1R_117,0.0,256.0,57.0,685.8013,9.278079,96.37286,26.70868566,3.35586703,0.40538398,0.1494489,0.98987909,9.77592241,1.579,1172.199,2188.593,9027.162,22.793,64.0,2.0,103.264565,1.4959884,0.78046465,24.64972933,3.84067421,0.23038254,0.02958796,0.97162308,10.59940581,1.386,246.309,829.12,2669.413,15.274
TU1L_142,0.0,256.0,84.0,315.77988,1.0467244,-0.42846608,33.6247549,4.30778186,0.22330521,0.02420068,0.98581983,11.35247594,1.526,328.4,1674.85,11832.45,29.757,64.0,13.0,94.8379,1.5108874,0.8886006,32.12143209,4.2832185,0.21900841,0.02730665,0.98143147,10.94598998,1.534,243.767,779.503,3380.818,16.37
TU1R_164,1.0,256.0,61.5,423.51532,2.919754,9.287831,26.58370098,3.57040441,0.29402192,0.04203936,0.99033736,10.59854515,1.799,1269.753,2297.238,9281.728,20.464,64.0,8.0,100.09082,1.6172334,1.2380109,62.08403051,6.16412402,0.15047224,0.02359877,0.95883021,11.33079503,1.851,133.863,605.867,5335.347,20.431
TU2R_56,0.0,256.0,95.5,281.3614,0.88958097,-0.46173978,49.51632966,5.09142157,0.20440134,0.02303987,0.98550947,11.67537251,1.752,214.422,1411.822,15978.318,34.092,64.0,37.5,69.18798,0.8966295,-0.3259833,32.36023622,4.26513287,0.22399598,0.02392524,0.98927885,11.35299285,1.517,257.268,823.557,2922.992,15.173
TU1R_121,0.0,256.0,143.5,704.5681,13.520614,200.6211,31.35615809,3.59626225,0.378961,0.15967606,0.99215291,10.22580661,1.465,827.248,2036.55,8630.885,23.903,64.0,16.5,77.628975,0.8964334,-0.7788131,34.00110728,4.40280512,0.21299036,0.02347416,0.98216816,11.2814697,1.289,212.08,825.811,2475.09,15.022
TU2L_158,0.0,256.0,96.5,307.07315,1.2953631,0.3464353,28.50257353,4.07043505,0.22432471,0.02440008,0.99140355,11.41848444,1.596,299.564,1636.887,13117.434,30.918,64.0,17.0,88.85957,1.4800066,0.91734934,27.79515256,4.01082677,0.22900717,0.02738294,0.98725841,10.99703198,1.509,241.424,822.859,3163.518,15.733
TU1R_184,1.0,256.0,119.5,277.92386,0.96499074,0.13275266,55.34064032,5.2725337,0.22531638,0.0281293,0.98370283,11.62160294,1.729,373.25,1473.162,14911.461,32.406,64.0,15.5,85.75446,1.2697601,0.18327737,72.95570866,6.68073327,0.14111413,0.02038999,0.95838095,11.7042208,1.75,110.429,600.472,4668.046,19.805
TU2R_160,0.0,256.0,106.0,288.83493,1.0956241,-0.3502183,35.30111826,4.20531556,0.23957867,0.02530535,0.99170947,11.46182024,1.48,359.686,1782.231,9467.3,26.42,64.0,30.5,71.22,1.0164332,-0.4553368,24.22748524,3.78961614,0.23379333,0.02438512,0.99297248,11.2688342,1.436,189.808,765.548,3197.081,16.841
TU1L_141,0.0,256.0,103.0,367.87045,5.0199285,47.117004,40.73838848,4.54181985,0.27101458,0.06047405,0.9868984,11.16442713,1.543,455.857,1677.761,11114.238,28.519,64.0,3.0,107.5105,1.6549764,1.4184537,19.17261319,3.38890256,0.25605277,0.03243823,0.97968681,10.36427029,1.315,648.863,1174.069,1705.2,10.897
TU2L_76,0.0,256.0,52.0,387.11118,1.5850621,1.164587,19.59921875,3.19008885,0.29394331,0.03443552,0.99048518,10.57553122,1.474,491.279,1901.576,10274.064,26.841,64.0,10.0,105.88153,2.3068295,5.0153694,14.48886565,2.81440699,0.31331701,0.04003175,0.99269391,10.22436145,1.446,382.016,961.115,2357.972,13.126
TU1R_158,1.0,256.0,46.5,923.22156,13.796824,206.20119,29.48002451,3.40318627,0.42054229,0.20426171,0.98817783,9.43921214,1.583,1519.975,2217.207,8673.76,21.65,64.0,5.0,95.493866,1.348091,0.3971269,44.73369833,5.24489419,0.17537932,0.02403629,0.95782988,11.16296918,1.501,162.352,712.187,3212.685,16.956
TU2L_55,0.0,256.0,121.5,399.3174,8.749322,110.066185,53.29157475,5.21106005,0.24836279,0.08222407,0.98796321,11.43314889,1.928,396.386,1455.775,17303.226,32.833,64.0,42.5,57.089226,0.3868111,-1.4212352,76.21241388,6.61608022,0.15255754,0.01692762,0.97865321,12.17150404,1.759,107.429,591.195,4944.208,20.405
TU1L_242,1.0,256.0,84.5,538.30054,5.4847746,37.509987,20.36821385,3.04569547,0.36732938,0.07299083,0.99449374,10.033859,1.526,1721.663,2634.612,6594.214,18.241,64.0,2.0,120.02604,1.8561138,1.9790502,28.40871063,4.1632628,0.21510181,0.03190112,0.95333361,10.42105617,1.475,406.997,968.89,2193.865,12.507
TU1R_187,1.0,256.0,64.0,366.8387,1.4786005,0.9769759,19.13628983,3.34888174,0.26081199,0.02996846,0.98842717,10.75454728,1.483,625.596,1983.969,9402.316,25.401,64.0,4.0,99.44934,1.5030271,0.99975586,29.09504183,4.22742372,0.20989761,0.02772566,0.9713217,10.81198309,1.511,230.189,802.428,2978.426,15.61
TU1L_210,1.0,256.0,93.0,559.206,10.484564,138.98537,31.334375,3.84142157,0.33839813,0.11132395,0.99105516,10.48204411,1.5,938.22,2067.676,8462.274,23.045,64.0,21.0,78.23657,1.0071163,-0.47110963,45.52645177,5.26783957,0.17118563,0.0214593,0.97768725,11.51757802,1.493,224.464,798.216,2788.429,15.099
TU2R_107,1.0,256.0,149.0,297.67667,1.5433878,2.1618347,19.6080576,3.24571078,0.2839713,0.02940117,0.99466129,11.0422181,1.198,1329.695,2569.509,5335.352,18.795,64.0,10.0,94.911674,1.3259858,0.22079468,26.61177411,4.05874754,0.21643082,0.02721396,0.97739653,10.84650325,1.242,201.196,815.187,2500.498,15.448
TU1L_164,0.0,256.0,85.0,305.3945,1.0500187,-0.4292767,31.05995711,4.15695466,0.22447064,0.02421836,0.98860559,11.37285978,1.504,290.449,1676.447,11388.282,29.662,64.0,17.0,89.80534,1.5664179,1.211165,62.13207431,4.37690699,0.22682684,0.02716337,0.97110145,11.01969533,1.522,242.742,797.683,3278.306,16.076
TU2R_152,0.0,256.0,51.5,398.51462,1.6914812,1.805028,21.10831801,3.31974571,0.28544216,0.0348335,0.98757149,10.54580508,1.499,330.132,1767.893,10840.647,28.263,64.0,15.0,83.24451,1.2317591,0.09963274,24.04595226,3.77934301,0.23474976,0.02637401,0.98962734,11.02048306,1.51,243.755,837.03,3207.257,15.875
TU2R_80,0.0,256.0,56.5,489.41776,2.9996426,9.850418,23.13314951,3.08572304,0.36007469,0.05480375,0.99082146,10.03879036,1.407,1499.44,2537.38,6453.278,18.873,64.0,27.0,76.65966,1.0771804,-0.47963023,26.74083415,3.90028297,0.23975584,0.02532062,0.99161727,11.1811531,1.429,311.676,867.192,2781.502,14.868
TU1L_154,1.0,256.0,89.0,316.86877,1.2546482,0.26795578,25.35500919,3.78779105,0.2438305,0.0259925,0.99130427,11.22354167,1.593,431.685,1787.031,13137.181,29.687,64.0,11.0,79.524315,0.8144585,-1.0201122,31.44426673,4.36811024,0.20712864,0.02347831,0.98120969,11.19361279,1.491,248.736,793.351,3242.436,16.314
TU1N_167,0.0,256.0,71.0,378.51413,2.128807,5.4824934,38.5993413,4.32051164,0.24322708,0.04203911,0.98647732,11.07400388,1.654,630.644,1898.436,10840.005,25.588,64.0,45.0,61.486023,0.8214411,-0.6050234,37.0031373,4.64683809,0.19846444,0.02044036,0.98988984,11.71336905,1.728,178.238,692.424,4746.924,19.122
TU1L_224,1.0,256.0,18.0,389.85,1.3005157,0.06251192,20.25560662,3.40511642,0.26536057,0.03073502,0.98452098,10.57819169,1.535,601.094,2011.538,9735.422,24.821,64.0,0.0,119.66336,1.7994894,1.8184276,23.12235482,3.7175812,0.24003955,0.03431286,0.9606323,10.1859564,1.431,370.992,965.249,2161.044,12.858
TU1L_249,1.0,256.0,2.0,1454.4308,14.974999,231.21489,19.30507047,2.58344056,0.52435536,0.33985701,0.98542758,7.73518865,1.482,2734.728,3056.485,5410.842,15.462,64.0,0.0,118.31928,1.8071836,1.8064446,36.88256644,4.75436762,0.18974257,0.02948418,0.93764437,10.59843178,1.532,276.227,823.636,2729.604,14.559
TU1R_302,0.0,256.0,112.0,264.695,0.9529714,-0.03597498,43.26030944,4.61901042,0.23734751,0.02547285,0.99013887,11.58221871,1.688,371.468,1646.095,12854.674,29.084,64.0,11.0,100.48449,1.797185,1.9938893,23.90225148,3.62346211,0.25128584,0.03168488,0.98926394,10.63944165,1.564,334.566,901.182,2716.337,13.766
TU1R_153,1.0,256.0,52.0,381.65363,1.5632497,1.1079669,24.78167892,3.79362745,0.23930883,0.02836455,0.98460314,10.914986,1.499,315.595,1652.334,12656.97,31.355,64.0,19.0,81.93362,1.3162844,0.37830138,41.64019439,5.0433686,0.17954723,0.02252535,0.98312867,11.46630146,1.627,153.339,678.91,4184.741,18.815
TU1L_223,1.0,256.0,111.5,353.70663,2.5201023,8.033386,21.85015319,3.35091912,0.29893903,0.03820701,0.99412151,10.81350787,1.666,916.391,2097.025,9922.479,23.385,64.0,2.5,98.31328,1.2291996,-0.18559742,27.33150837,4.10919045,0.21405444,0.02767477,0.97104101,10.73398077,1.517,281.03,848.214,2655.406,14.338
TU1L_239,1.0,256.0,126.5,279.38565,0.9441231,0.04318047,17.1939185,3.09554228,0.29091507,0.02832658,0.99471515,10.99396261,1.578,884.885,2131.684,9578.671,23.766,64.0,6.0,98.14008,1.4117646,0.51373315,33.1386565,4.51906988,0.19870427,0.02632432,0.96671825,10.91899544,1.519,215.291,777.347,3037.725,16.093
TU2L_53,0.0,256.0,120.0,273.81802,0.785043,-0.932338,51.33935355,5.41141238,0.18042812,0.01999967,0.98352325,11.86350086,1.783,255.361,1422.63,16599.055,34.246,64.0,22.0,92.27058,1.748497,2.0281076,25.95884596,3.90434301,0.22879512,0.0285616,0.98952924,10.93322804,1.61,286.826,829.523,3138.675,15.106
TU1R_115,0.0,256.0,146.5,424.88223,9.085757,113.225204,37.68014706,4.16568627,0.30762186,0.09173951,0.99282339,11.04085372,1.833,606.268,1610.727,15832.331,31.034,64.0,42.0,64.22513,0.8699062,-0.47733188,37.28857037,4.7777436,0.18760693,0.02042369,0.98871946,11.68663094,1.523,217.051,811.607,2810.098,14.976
TU2L_42,0.0,256.0,83.0,321.1967,1.3127795,0.3009646,27.61780025,3.8203125,0.25059515,0.02690612,0.99186382,11.21772332,1.37,514.722,1999.436,8157.798,24.288,64.0,15.5,92.932686,1.8961929,2.9155703,17.71536663,3.12739911,0.28418539,0.03335118,0.99294374,10.59407845,1.288,896.515,1316.008,1369.467,9.432
TU1R_198,1.0,256.0,79.5,430.11505,3.862506,18.713638,17.20528493,2.786106,0.37916144,0.05776489,0.99457463,10.22330921,1.343,1682.971,2752.578,5463.498,17.497,64.0,10.0,97.338326,1.4746764,0.78028274,35.29785925,4.58316929,0.20093946,0.02654805,0.97148954,10.9791446,1.263,241.344,869.581,2195.219,14.115
TU2R_82,0.0,256.0,87.5,343.13458,1.4704546,1.1114802,32.32317708,4.10776654,0.24400593,0.02849953,0.98800151,11.16161174,1.44,274.751,1668.665,10330.308,28.794,64.0,31.0,78.99763,1.3933042,0.8516147,31.93331693,4.20816929,0.22962011,0.02572469,0.98947607,11.24311665,1.444,324.644,893.091,2570.866,13.903
TU1L_110,0.0,256.0,82.0,329.33337,1.1901474,-0.00849223,31.87412684,4.23754596,0.22349991,0.02478394,0.9852926,11.27850811,1.498,330.653,1689.135,11421.749,29.535,64.0,13.0,94.8379,1.5108874,0.8886006,32.12143209,4.2832185,0.21900841,0.02730665,0.98143147,10.94598998,1.534,243.767,779.503,3380.818,16.37
TU1L_200,1.0,256.0,205.5,421.34766,4.6574125,25.86999,30.65459559,3.66660539,0.32869486,0.05461805,0.99332615,10.76356731,1.618,1216.682,2123.575,9202.175,22.553,64.0,16.5,83.29081,1.0757897,-0.33131886,47.82191191,5.41234006,0.17065977,0.02213345,0.97002539,11.42163699,1.679,140.399,654.618,4308.973,19.169
TU2R_106,1.0,256.0,50.5,397.46823,2.1223755,3.8831391,15.07339154,2.84661458,0.30947708,0.03732519,0.99379777,10.43939865,1.257,2272.561,3142.474,4379.673,15.318,64.0,0.0,108.200806,1.4795278,0.64637303,19.69254429,3.4753937,0.24580647,0.03191846,0.97121058,10.32490213,1.206,437.673,1108.194,1475.505,10.844
TU2L_103,0.0,256.0,117.0,293.95465,1.0467552,-0.29928637,34.11380208,4.29195772,0.2263246,0.02440941,0.98967506,11.43947311,1.634,459.949,1712.402,11748.219,28.289,64.0,5.0,107.96068,1.7837162,1.9519291,20.39486959,3.52983514,0.2416905,0.03217868,0.9794557,10.44658404,1.478,410.572,965.678,2413.524,13.205
TU2L_154,0.0,256.0,98.0,312.7475,1.2074128,0.06324553,36.16083027,4.38196998,0.23038624,0.02562872,0.98863135,11.38511465,1.638,330.601,1660.201,12805.143,29.737,64.0,18.0,82.23732,1.1212279,-0.3026445,30.84245817,4.22533219,0.21913903,0.02533034,0.98774313,11.15720322,1.547,204.601,761.318,3630.327,16.921
TU2R_93,1.0,256.0,48.5,372.45258,1.825284,3.3632002,14.34517463,2.73062194,0.33437558,0.0385534,0.99286571,10.38376815,1.203,662.005,2322.603,6112.608,21.269,64.0,5.0,95.41939,1.2783073,0.07911491,17.27860482,3.20773868,0.26728932,0.03082286,0.98498335,10.4933599,1.185,400.249,1021.785,1944.481,12.868
TU2L_50,0.0,256.0,75.0,372.6763,2.0525973,3.672657,30.76439951,3.73964461,0.27210261,0.03320493,0.990997,10.92169271,1.474,1251.968,2421.2,7133.202,19.81,64.0,6.5,111.86564,2.280406,4.608201,16.46438238,3.05505659,0.2829136,0.03715658,0.98808553,10.24946093,1.264,1371.001,1487.358,1225.98,8.318
TU2R_46,0.0,256.0,112.0,301.27692,1.3477974,0.5835209,37.47247243,4.25301777,0.24984239,0.02749956,0.99179963,11.3928285,1.452,353.285,1727.335,9690.627,27.046,64.0,25.5,86.48492,1.9998126,3.1180134,22.19137549,3.51814715,0.25709629,0.02995245,0.99549708,10.98871645,1.369,280.361,882.236,2523.214,14.483
TU1R_132,0.0,256.0,171.0,268.7272,1.2376224,0.8196738,19.60076593,3.17389706,0.30737851,0.03060169,0.99578481,11.1103489,1.501,495.256,1804.728,11963.052,29.402,64.0,58.5,52.020203,0.24252923,-1.4400548,40.26273376,4.96536663,0.18300405,0.01818001,0.9896246,11.91812257,1.725,117.683,613.348,5863.525,22.206
TU1R_170,1.0,256.0,76.0,315.391,1.0893167,-0.2408135,19.4435049,3.34917279,0.26417256,0.02722735,0.99215708,11.01442607,1.557,871.81,2140.071,9246.505,23.401,64.0,1.0,118.48638,1.8371257,1.935194,26.35334646,4.02005413,0.21926621,0.03209943,0.95689952,10.37947603,1.456,409.705,998.058,2052.195,12.137
TU2R_103,1.0,256.0,22.0,487.27472,2.5985675,6.6380644,12.80238971,2.57913603,0.34657198,0.04827946,0.99083726,9.84596814,1.251,522.366,2169.3,6972.781,22.932,64.0,1.0,103.81861,1.5707235,1.1667295,19.11238927,3.34614911,0.26217069,0.03281529,0.98100993,10.37082441,1.314,457.184,1042.748,1848.988,11.898
TU1L_97,0.0,256.0,102.5,288.14944,0.9334392,-0.6310599,27.74373468,3.98916973,0.2303247,0.02351274,0.99060393,11.41201908,1.498,319.214,1755.753,10731.099,28.336,64.0,21.0,87.20141,1.460712,0.89794946,57.04422982,4.56859006,0.21898571,0.02653141,0.97536473,11.09817906,1.442,182.36,745.264,3207.126,16.696
TU2R_97,1.0,256.0,42.0,416.6262,1.8716102,2.4363194,17.29554228,3.05972733,0.29148508,0.03564719,0.98960788,10.42516813,1.223,1075.968,2579.372,5393.997,18.879,64.0,1.0,133.19388,2.1108465,3.104568,9.96499754,2.42882628,0.33420556,0.04572965,0.97956022,9.40807678,1.214,850.474,1300.558,1314.137,9.447
TU2L_90,0.0,256.0,60.5,401.12384,1.8825758,2.727796,23.71753983,3.49214154,0.28212029,0.03607388,0.9885843,10.62268117,1.499,339.888,1755.439,10977.712,28.451,64.0,21.0,84.14199,1.3141129,0.26886535,35.89099409,4.48572835,0.21130809,0.02520555,0.98561062,11.2259785,1.412,261.882,832.816,2807.242,15.085
TU1R_96,0.0,256.0,170.0,414.90143,9.903468,130.14871,42.36462929,4.47958027,0.29079857,0.09182037,0.99209533,11.22094337,1.845,546.157,1606.469,15708.823,30.839,64.0,21.0,76.1134,0.90735644,-0.6656313,39.24421752,4.86884843,0.18764803,0.02216484,0.98209166,11.43429631,1.444,197.761,782.41,2683.636,15.299
TU1R_150,1.0,256.0,74.5,315.6632,1.5592123,4.5518656,18.79604779,3.22564338,0.29182606,0.04219503,0.99218838,10.85013938,1.354,771.436,2098.927,7984.929,24.165,64.0,41.5,64.31879,0.76382786,-0.7843437,30.42587352,4.23997293,0.21526583,0.02155322,0.99058624,11.5081347,1.58,195.735,740.414,3898.307,17.807
TU1L_126,0.0,256.0,58.0,362.22952,1.321791,0.3590753,20.14410233,3.30632659,0.27657407,0.03175474,0.98928855,10.68285146,1.569,920.266,2052.582,9320.019,23.711,64.0,24.0,79.81982,1.117583,-0.13027787,36.57726378,4.72157972,0.19243334,0.02312342,0.98326677,11.35069171,1.635,155.144,679.435,4237.205,18.931
TU1R_189,1.0,256.0,108.0,297.45258,0.91861326,-0.49188137,21.11515012,3.51441483,0.25100445,0.02534464,0.9912204,11.13971668,1.284,403.474,1941.592,8093.398,25.585,64.0,8.5,99.416695,1.4860481,0.79450464,27.06465305,4.09012057,0.21468995,0.02791863,0.97337447,10.78969252,1.351,194.597,769.086,2942.512,16.53
TU2L_49,0.0,256.0,76.0,318.6244,1.23279,0.1351049,34.98547794,4.19200368,0.24624765,0.02816219,0.99080934,11.25742485,1.566,288.752,1619.796,11885.23,29.664,64.0,42.0,75.406296,1.1681154,-0.00759959,22.20441683,3.61497293,0.24468499,0.02601476,0.99276915,11.09519779,1.35,376.284,992.244,2039.16,12.46
TU1L_221,1.0,256.0,127.0,339.79144,2.7163084,11.089053,30.09143689,3.94612439,0.27882863,0.03884084,0.99201733,11.09545529,1.673,651.883,1855.822,11514.002,26.386,64.0,9.0,100.97091,1.5464562,0.91322374,39.06520669,4.89886811,0.18392433,0.02634232,0.9654887,10.9933667,1.556,220.408,773.352,3062.134,15.53
TU2N_79,0.0,256.0,99.0,311.30557,1.1877571,0.36109018,19.76361826,3.31655944,0.27207517,0.02821088,0.99264469,10.99826743,1.176,1375.889,2742.408,4484.755,17.169,64.0,12.5,96.89919,1.4737108,0.7168081,21.95577018,3.62161663,0.24353669,0.02973225,0.98447584,10.6819063,1.227,369.048,1016.361,1702.056,12.099
TU1R_202,1.0,256.0,159.5,270.67502,1.1288713,1.4962425,24.00242034,3.43943015,0.30763508,0.0347049,0.99368876,11.05667949,1.363,800.175,2173.571,7155.314,22.041,64.0,10.5,88.49493,1.1155124,-0.34174633,36.7273622,4.73031496,0.19036826,0.02407829,0.97061652,11.15798089,1.406,184.459,760.631,2965.954,16.389
TU1L_135,0.0,256.0,137.5,417.0119,9.25622,119.040855,54.28005515,5.19512868,0.25726793,0.08891918,0.98753298,11.35933955,1.894,387.74,1429.922,17426.563,33.814,64.0,16.0,79.4714,0.947302,-0.61248064,26.89080955,4.01802411,0.22300372,0.02485168,0.98571875,11.08516536,1.653,341.113,873.069,3029.22,14.323
TU2R_63,0.0,256.0,135.5,235.31708,0.56132597,-1.2351912,53.80617341,5.46885723,0.18479196,0.01925035,0.98774808,12.03120255,1.844,355.738,1417.599,17707.877,34.475,64.0,8.0,100.70672,1.5420583,1.0068412,25.88681102,3.80991634,0.24202223,0.03142248,0.98187455,10.60455425,1.613,532.46,1023.191,2323.089,11.916
TU1L_148,0.0,256.0,40.5,401.7329,1.6532958,1.4093275,31.39558824,4.10919118,0.23264252,0.02968688,0.98269291,10.89372286,1.561,577.315,2003.545,9661.65,24.485,64.0,7.5,100.85215,1.5079154,0.82502294,30.06077756,3.94082185,0.24149448,0.03022308,0.97311226,10.65354754,1.375,255.459,847.949,2682.96,14.917
TU1R_107,0.0,256.0,49.5,361.38174,1.3078893,0.16553187,35.43776042,4.45252757,0.21532159,0.02585286,0.9809577,11.18494932,1.585,322.455,1671.705,11914.705,29.263,64.0,16.5,90.12183,1.6142807,1.5199313,37.81268455,4.75621309,0.19372785,0.02479729,0.98288544,11.23913439,1.585,216.095,754.854,3646.619,16.838
TU2R_306,0.0,256.0,89.5,406.88397,2.9385397,10.068209,25.14039522,3.47832414,0.29133997,0.03967521,0.99162728,10.68229613,1.599,303.915,1665.439,12087.325,29.224,64.0,19.5,94.96327,1.7611992,2.0276728,26.79299951,3.88465797,0.23988006,0.03058879,0.98875101,10.81789541,1.587,367.701,906.395,2979.404,14.217
TU1R_104,0.0,256.0,28.5,448.0583,1.9240158,2.4277759,26.89304534,3.77037377,0.25139517,0.03440894,0.98191557,10.5438215,1.68,469.444,1741.42,12280.272,27.926,64.0,10.0,98.03902,1.625587,1.7635922,26.98296014,3.76236467,0.25487284,0.03220266,0.98408427,10.63317195,1.573,225.581,762.922,3326.066,16.203
TU1R_301,0.0,256.0,62.5,361.17963,1.3706805,0.3474524,24.88212316,3.7365962,0.24646927,0.02864867,0.98879313,10.95506353,1.518,614.553,1996.66,9361.048,24.756,64.0,21.0,88.35785,1.4908807,0.90516376,30.80979331,4.24200295,0.21598308,0.02640545,0.98684026,11.10175746,1.545,209.389,765.425,3497.271,16.697
TU2R_88,1.0,256.0,22.0,538.6933,3.6797578,15.168968,10.95977328,2.26528799,0.40716673,0.06475738,0.99318693,9.52575201,1.196,2226.397,3209.786,4179.82,15.217,64.0,0.0,119.83195,1.8760678,2.1350412,22.00129183,3.66480069,0.23757962,0.03380955,0.96080253,10.24339479,1.193,323.181,972.39,1755.997,12.499
TU1R_237,1.0,256.0,135.5,302.17456,1.1201106,0.529248,23.95651042,3.59928002,0.27381998,0.02959254,0.99218888,11.02580971,1.512,697.682,2142.454,8209.729,22.571,64.0,8.0,90.20978,1.1960988,-0.09457898,34.65649606,4.62881398,0.19399565,0.02479073,0.97323683,11.08969372,1.556,166.524,725.224,3474.938,17.246
TU1L_236,1.0,256.0,58.0,360.61795,1.3456739,0.36408186,19.2399663,3.39839154,0.2553558,0.02875409,0.98899938,10.82368478,1.533,535.15,1923.528,10445.858,26.627,64.0,24.0,81.02825,1.1391667,-0.1330092,29.92169045,4.2980438,0.20525582,0.02400983,0.9830312,11.21388224,1.653,205.508,724.252,4520.343,19.096
TU2R_157,0.0,256.0,94.0,273.89694,0.83588696,-0.9928384,19.06870404,3.22382047,0.28595886,0.02651016,0.99536048,11.16850453,1.329,501.252,2086.305,7825.954,24.104,64.0,42.0,78.82586,1.8303037,2.475123,22.01353346,3.61847933,0.24464393,0.0269726,0.99367705,11.16486,1.15,443.115,1063.525,1649.441,11.806
TU1R_232,1.0,256.0,61.0,373.5656,1.5270276,1.0663438,18.82216605,3.33598346,0.26009118,0.03006665,0.98839468,10.75292361,1.502,556.071,1964.351,9593.933,25.572,64.0,0.0,121.34178,2.0028353,2.8574982,17.86743356,3.30985482,0.25690875,0.03591142,0.96851891,10.09398789,1.423,523.92,1125.793,1802.424,10.968
TU1L_143,0.0,256.0,26.5,399.12146,1.4639843,0.6273632,27.21973039,3.85808824,0.24501924,0.03050277,0.98038037,10.73457056,1.542,484.614,1861.477,10333.018,26.328,64.0,9.0,105.88766,1.6977116,1.4809389,34.16332431,3.8874877,0.24414699,0.03114098,0.96779607,10.55388522,1.404,356.717,940.746,2481.599,13.613
TU2R_60,0.0,256.0,141.5,272.33325,1.4133726,2.1707292,35.61297488,4.33301164,0.23083569,0.02509961,0.99162117,11.55205212,1.65,322.172,1606.601,13439.902,30.579,64.0,23.0,74.25121,0.97530574,-0.5153227,34.66412402,4.46924213,0.20920824,0.02334893,0.98688119,11.36366924,1.534,261.383,813.558,3099.895,15.639
TU1R_128,0.0,256.0,79.0,306.766,0.92298865,-0.8459425,25.7895527,3.72169118,0.25331123,0.02637029,0.99111566,11.1476335,1.58,646.433,1935.848,10266.102,25.369,64.0,9.5,96.573685,1.5037804,0.9634342,27.02048474,3.98886565,0.22558405,0.02871725,0.97836337,10.78954323,1.447,305.821,882.044,2360.594,13.71
TU2L_86,0.0,256.0,77.5,416.30652,2.319293,4.8016925,26.65556066,3.5412837,0.28992512,0.03826893,0.99127173,10.67767152,1.476,334.27,1704.348,11174.432,29.275,64.0,2.0,92.46659,1.0577022,-0.61798835,20.37536909,3.45607776,0.25440616,0.02939211,0.98263717,10.58530279,1.312,354.842,979.015,2028.626,12.764
TU1R_201,1.0,256.0,155.5,310.1056,2.129092,6.026226,32.13069853,4.03425245,0.26614433,0.03247758,0.99169794,11.23434577,1.678,576.007,1745.722,12250.978,27.787,64.0,36.0,69.39133,0.9539692,-0.39043117,67.74821604,6.32117372,0.15510073,0.01923339,0.97664145,11.89501182,1.801,106.173,575.033,5592.808,21.6
TU2R_113,1.0,256.0,18.0,543.41986,3.465892,12.394545,11.55459559,2.46452206,0.35127918,0.0530443,0.99352964,9.72635225,1.379,374.968,1777.23,10009.599,27.739,64.0,13.5,82.34004,0.9589429,-0.6888392,25.46376722,3.97287156,0.21868252,0.02507719,0.98460346,11.03046639,1.29,224.794,836.234,2427.936,14.827
TU2L_48,0.0,256.0,85.0,300.0184,1.0482681,-0.56921005,24.7416973,3.67634804,0.25388223,0.026398,0.99395434,11.2401268,1.708,493.37,1878.703,12446.506,26.916,64.0,14.0,86.92606,1.2240173,0.12489772,17.43663878,3.25750492,0.26378782,0.02874297,0.98969822,10.71351605,1.278,485.676,1122.137,1541.083,10.932
TU2R_61,0.0,256.0,208.5,259.74615,1.9281543,5.008833,62.2589614,5.65121017,0.19189287,0.02290251,0.98826609,11.99931538,1.842,167.071,1267.304,18514.874,37.092,64.0,30.5,76.93783,1.1913629,0.09928012,58.60303888,5.82301919,0.16973555,0.02172738,0.98001248,11.64340241,1.708,219.133,716.624,3652.582,16.722
TU1L_226,1.0,256.0,25.5,401.98877,1.5929968,1.2088346,21.21868873,3.47359069,0.26232445,0.03182598,0.98536323,10.60447141,1.476,685.021,2118.169,8524.542,23.333,64.0,1.0,118.128204,1.8255621,1.919899,29.50141486,4.20306348,0.21629684,0.03191343,0.95511311,10.41826793,1.474,385.236,956.395,2196.125,12.692
TU1R_137,0.0,256.0,139.0,430.86246,8.765731,106.262955,44.35638787,4.45307904,0.30110776,0.09166628,0.99165026,11.07665756,1.872,567.126,1546.382,16737.538,31.85,64.0,37.5,69.80329,1.4190812,0.99946904,47.37893701,5.24864665,0.18174484,0.0210864,0.98967543,11.75906652,1.701,227.597,733.248,3816.41,16.944
TU2R_78,0.0,256.0,51.5,356.93338,1.5364349,1.7522154,19.65520833,3.22990196,0.29220352,0.03336456,0.99016689,10.68769851,1.212,382.585,1987.924,7167.726,24.438,64.0,13.0,86.703476,1.2938801,0.45392013,19.37364665,3.41978346,0.25362899,0.0276228,0.98718049,10.78703321,1.215,347.998,960.86,1946.475,12.966
TU2L_153,0.0,256.0,73.0,347.93805,1.5010998,1.3431053,32.68036152,4.06862745,0.25769875,0.03155459,0.98837875,11.05670226,1.519,481.142,1814.503,10122.959,26.561,64.0,20.5,78.198166,1.0248287,-0.32446766,24.60303888,3.83409203,0.23219777,0.02519421,0.98862689,11.0929598,1.511,283.232,838.917,3187.369,15.624
TU2R_72,0.0,256.0,191.0,259.7612,1.2283058,1.2111592,30.90407475,3.92267157,0.27787703,0.02925259,0.9932448,11.3947,1.342,482.998,1810.563,9243.524,26.872,64.0,32.5,68.41658,0.8149178,-0.80340767,43.5355561,5.14074803,0.18138628,0.02035507,0.98457171,11.68014519,1.425,136.519,689.871,3399.691,17.883
TU1R_159,1.0,256.0,245.5,275.04398,1.2888558,1.8453541,22.67584252,3.39967831,0.29281814,0.03029237,0.99404454,11.09016421,1.523,739.936,2114.278,8347.497,22.605,64.0,12.0,90.03337,1.2314099,0.01653886,40.39327018,4.9945251,0.18142017,0.02389038,0.96912334,11.20905205,1.585,165.192,710.662,3617.392,17.448
TU1L_220,1.0,256.0,77.0,444.54074,3.8797326,19.249426,19.55983456,3.06709559,0.33767008,0.05252316,0.99387314,10.35094241,1.639,1541.792,2550.306,7557.513,18.827,64.0,10.0,88.270226,1.1215929,-0.3095448,26.48603593,3.98185285,0.22652313,0.02692454,0.9817894,10.88444241,1.554,535.735,1082.907,2109.456,11.332
TU1L_140,0.0,256.0,63.0,396.37146,1.7789648,1.9003396,32.40462623,4.28532475,0.21914111,0.02852468,0.98370051,11.0520312,1.715,301.831,1548.401,15541.179,32.72,64.0,3.0,108.28983,1.5643504,0.95580196,21.99237205,3.67679626,0.23320521,0.0313165,0.97377847,10.42986804,1.52,218.071,787.837,3184.479,16.156
TU1N_99,0.0,256.0,147.5,411.94376,10.05808,134.19817,29.04102328,3.69258578,0.31699476,0.09172535,0.99417146,10.99141739,1.669,695.254,1912.471,11109.908,25.728,64.0,31.5,76.00807,1.24593,0.2355628,44.6394562,5.16898376,0.18046863,0.02159444,0.98164267,11.58754152,1.542,157.486,713.018,3414.233,17.004
TU1L_238,1.0,256.0,45.0,363.13663,1.4587958,0.9551046,18.41207108,3.31868873,0.25907329,0.02963192,0.98927774,10.76760672,1.532,497.128,1924.189,10060.348,26.237,64.0,17.5,81.905624,1.0957022,-0.25118732,27.94359006,4.14831447,0.21088835,0.02459772,0.98355025,11.12825504,1.604,204.978,734.944,3734.079,17.502
TU2R_74,0.0,256.0,62.5,351.20956,1.5570383,1.4891987,20.26397059,3.2518076,0.28841436,0.03213475,0.99169403,10.78946988,1.181,538.888,2185.141,6092.964,21.823,64.0,1.5,98.91521,1.3692443,0.5071714,14.49194144,2.9027436,0.29212471,0.03265609,0.98391201,10.28923356,1.062,503.626,1175.918,1287.05,10.411
TU1L_109,0.0,256.0,185.0,443.2315,8.02007,89.16698,43.88030025,4.41246936,0.31924704,0.09181049,0.99094725,10.91062778,1.885,710.95,1654.164,15307.139,29.499,64.0,27.0,73.97698,0.96318555,-0.5484545,53.03617126,5.64185531,0.16679777,0.02043027,0.97786858,11.69576565,1.735,135.326,645.484,4451.016,18.947
TU2R_90,1.0,256.0,83.0,341.05093,1.3398787,0.35336256,22.21433824,3.52190564,0.26066243,0.0294322,0.99158284,10.94756181,1.422,1077.365,2250.669,7567.18,21.654,64.0,36.5,74.74582,1.3862976,1.2828379,30.15766486,4.2710999,0.21015709,0.02381228,0.99017344,11.35677409,1.341,275.588,885.446,2250.813,13.726
TU1R_116,0.0,256.0,213.0,399.23853,10.369132,139.38531,21.55013787,3.2095435,0.35277265,0.09069139,0.99628681,10.85250082,1.428,922.921,2198.226,8146.297,23.089,64.0,26.0,76.038895,0.96753854,-0.5343387,19.26974656,3.43337844,0.25004469,0.02562938,0.99003663,11.01346421,1.167,280.425,907.207,2059.689,13.94
TU1R_234,1.0,256.0,125.5,309.5035,1.4160223,2.1240187,26.69474571,3.71766238,0.27858242,0.03173912,0.99162604,11.01853499,1.497,772.978,2182.827,7899.76,21.982,64.0,9.5,90.258354,1.2199496,-0.02957106,44.35986713,5.22182579,0.17740203,0.02345187,0.96652503,11.25651108,1.51,156.343,717.709,3245.817,16.973
TU1R_252,1.0,256.0,4.0,1237.6107,12.692394,176.29504,9.10729167,1.71902574,0.58246581,0.27991071,0.99207254,7.53803163,1.387,4900.875,4362.243,3494.621,11.077,64.0,1.0,113.60413,1.6915449,1.4345202,20.70970719,3.53807825,0.24691734,0.03327732,0.9718741,10.26781992,1.457,642.585,1140.82,1907.961,10.88
TU2R_85,0.0,256.0,84.0,344.51978,1.3060693,0.23653603,28.04672181,3.88121936,0.24879543,0.02858621,0.98826165,11.0397681,1.425,373.838,1756.453,10400.007,28.212,64.0,17.0,98.75257,1.8912095,2.4035616,27.38035187,3.97250246,0.23068964,0.02976832,0.98809563,10.88058677,1.515,212.96,778.13,3413.977,16.6
TU1R_178,1.0,256.0,160.5,384.83386,7.3157263,84.96148,33.50825674,4.05773591,0.30071275,0.07095932,0.99047006,10.98550258,1.406,692.077,1965.066,8147.891,23.998,64.0,4.0,117.073296,1.8697933,2.1008158,40.15994094,4.96764272,0.18332633,0.02883202,0.94788843,10.72322742,1.457,155.422,720.281,3043.095,16.595
TU2R_87,1.0,256.0,13.0,616.40027,4.7314463,27.894161,9.09537377,1.94405637,0.47466914,0.09374248,0.99383464,8.95465715,1.154,2955.226,3284.528,4089.711,14.822,64.0,19.0,91.80482,1.4256645,0.5704379,28.27491388,4.13170522,0.21709466,0.02653829,0.98271343,10.99933692,1.402,243.728,843.844,2718.827,15.235
TU1R_160,1.0,256.0,125.0,738.10425,13.732467,205.74261,19.40208333,2.9489277,0.40021353,0.16777352,0.99485648,9.8977622,1.282,1296.033,2607.843,5474.042,18.504,64.0,4.0,110.0908,1.7461536,1.6875844,27.54576772,4.11478839,0.21461524,0.02998017,0.96331857,10.6104289,1.291,239.407,840.306,2398.781,14.776
TU1L_106,0.0,256.0,137.0,403.72873,9.900859,131.26976,47.54502145,4.74765625,0.27202508,0.08876541,0.99075187,11.35234637,1.882,423.118,1471.605,18001.034,33.772,64.0,67.0,42.76087,-0.08261316,-1.4521575,49.61158957,5.4288878,0.17359999,0.01671899,0.99066147,12.16524423,1.736,173.223,656.032,4799.818,19.508
TU1R_102,0.0,256.0,125.5,496.9743,8.592732,96.69235,34.88013174,3.88340993,0.35360265,0.10550874,0.99169321,10.59380923,1.638,768.782,1820.163,11615.458,26.956,64.0,18.5,92.56109,1.4938629,0.7798655,29.5538878,3.90637303,0.24362028,0.02923063,0.98551975,10.84536903,1.482,280.002,833.226,2977.401,15.347
TU2L_156,0.0,256.0,55.5,396.25848,1.621191,1.2511292,21.95200674,3.31882659,0.30238726,0.03788028,0.99058136,10.52686183,1.52,727.817,2115.119,8855.838,23.204,64.0,8.5,98.58372,1.535178,0.99761176,20.48234498,3.42648868,0.25926355,0.03116205,0.98484249,10.55753595,1.276,359.21,964.584,2009.613,13.052
TU1L_161,0.0,256.0,93.0,424.61438,2.788646,7.742174,24.82175245,3.2379902,0.3256114,0.04426355,0.99344976,10.50779744,1.659,865.393,2046.492,10239.342,23.731,64.0,14.0,85.175964,1.3482753,0.75039816,21.71468996,3.61958661,0.24335289,0.02698379,0.98669123,10.90962251,1.353,365.256,983.859,2017.931,12.551
TU1L_167,1.0,256.0,87.5,311.7665,1.122516,-0.23660707,18.37291667,3.2854473,0.26492954,0.02699,0.99339109,11.04589601,1.58,782.98,2216.943,9460.697,23.258,64.0,7.0,100.4843,1.4934467,0.74940014,26.94851132,4.02515994,0.22251734,0.02892189,0.97612699,10.73115567,1.517,211.156,773.959,3317.299,16.805
TU1R_181,1.0,256.0,74.0,693.68604,12.332389,175.7868,28.18353248,3.49097733,0.38197945,0.14684265,0.99145759,10.02137937,1.472,1347.562,2345.79,7005.097,20.049,64.0,11.0,92.74372,1.4001256,0.6024759,50.79398376,5.54299951,0.16940207,0.0231969,0.96464721,11.33466171,1.575,141.011,672.82,3727.208,18.107
TU1R_212,1.0,256.0,38.0,386.4265,1.8485138,3.2217922,14.87625613,2.86479779,0.30885071,0.03660931,0.99180687,10.40673411,1.66,636.303,2022.203,10750.178,25.135,64.0,12.5,92.91528,1.4077919,0.4979794,29.16818406,4.22625492,0.21079659,0.02659416,0.98141515,10.96859717,1.762,204.446,704.508,4914.067,19.304
TU2L_159,0.0,256.0,97.5,306.5457,1.1695,-0.08705139,26.22113971,3.79463848,0.24864994,0.02625727,0.99245041,11.26483293,1.39,639.406,2118.948,7543.522,22.834,64.0,63.0,48.679916,0.33916578,-0.9802089,21.82135827,3.60863681,0.24349838,0.02065743,0.99501481,11.57971009,1.315,325.0,947.412,2134.171,13.412
TU1R_197,1.0,256.0,5.0,1008.58575,12.864136,185.26228,10.97141544,2.01234681,0.51680081,0.21600283,0.99249135,8.38849935,1.324,3684.98,3735.933,3870.126,12.861,64.0,5.0,110.0295,1.6995239,1.5219126,27.51513287,4.08292323,0.21811302,0.03035969,0.96787726,10.56398196,1.435,236.094,819.965,2798.583,15.317
TU1R_214,1.0,256.0,29.0,400.03436,2.0016162,4.127386,14.99747243,2.86634498,0.31092555,0.03770685,0.9911457,10.34211894,1.673,659.953,2046.18,10697.957,24.796,64.0,26.0,80.51698,1.2177882,0.16937804,39.31846703,4.91037156,0.18256952,0.02278044,0.98132449,11.41528745,1.876,152.337,630.201,6147.551,21.655
TU1L_124,0.0,256.0,98.0,315.14532,0.9395176,-0.7137382,21.92325368,3.49319853,0.26215375,0.02754547,0.98996323,10.98177303,1.502,642.114,1940.804,9267.864,25.153,64.0,27.5,66.82083,0.96202856,-0.33957934,36.57301919,4.69309793,0.19627699,0.02119095,0.98999153,11.62973964,1.682,176.987,692.844,4230.531,18.377
TU1L_193,1.0,256.0,73.5,353.2026,1.9481761,4.760696,17.22424939,3.01404718,0.3166034,0.04599548,0.99376008,10.61521686,1.723,529.082,1809.881,13755.716,28.969,64.0,9.0,104.64367,1.7298751,1.6549845,25.30979331,3.89517717,0.22649405,0.03042988,0.98631866,10.67053817,1.647,282.071,811.254,3732.924,16.602
TU2R_71,0.0,256.0,66.0,1251.3485,15.024217,232.30638,15.62605699,2.35773591,0.50122277,0.30181183,0.99496696,8.45659194,1.395,2102.13,2855.149,5658.366,17.063,64.0,8.0,96.68457,1.572796,1.3529987,25.86780266,3.79386073,0.24916441,0.03181717,0.98392612,10.65826965,1.437,201.123,777.34,3070.634,16.393
TU1L_125,0.0,256.0,122.5,292.42715,0.84077483,-0.7825427,22.9345435,3.56132047,0.26014427,0.02657339,0.99136384,11.12052186,1.509,917.649,2102.999,8777.094,23.505,64.0,26.5,70.93461,1.1200203,0.0691812,35.49372539,4.63902559,0.19620791,0.02198519,0.98962717,11.54273877,1.612,213.521,741.628,3643.737,17.218
TU2R_98,1.0,256.0,23.0,466.2407,3.0594354,10.673117,10.59491422,2.20113358,0.4210342,0.06064235,0.99448069,9.69171859,1.12,2233.783,3347.126,3613.956,14.475,64.0,1.0,106.54624,1.5500101,0.9325597,13.61804872,2.84664124,0.29420821,0.03559761,0.9843459,10.09832793,1.206,656.87,1243.791,1405.896,9.913
TU2R_67,0.0,256.0,148.0,257.981,0.7706189,-1.007057,25.04048713,3.77553615,0.24506545,0.02372494,0.9938586,11.45730535,1.59,617.813,1887.04,11548.326,27.306,64.0,58.0,53.686592,0.23019989,-1.395495,23.05499508,3.71149114,0.23861121,0.02100986,0.99355974,11.50560653,1.415,272.665,874.142,2639.883,14.72
TU1L_107,0.0,256.0,135.5,511.7635,6.4713326,55.31282,30.88019301,3.61294424,0.36220533,0.09677486,0.99277311,10.34462577,1.743,1225.617,2085.319,10469.36,23.27,64.0,36.0,71.90831,1.0537784,-0.16417813,56.80216535,5.77546752,0.16397175,0.0200061,0.97773832,11.78393941,1.705,112.217,609.722,4714.301,20.189
TU1R_240,1.0,256.0,160.5,295.5261,1.1608603,0.92010736,27.65352328,3.81639093,0.26528835,0.02891965,0.99128763,11.13402857,1.541,574.997,1972.358,9178.536,24.393,64.0,11.0,89.22807,1.2339486,0.03454328,38.38957923,4.87395423,0.18252709,0.02403184,0.9714844,11.1969115,1.601,165.991,715.717,3636.92,17.398
TU1L_241,1.0,256.0,89.5,429.93616,4.1481223,24.520592,25.91432292,3.56285233,0.32413135,0.05672024,0.99316645,10.55033278,1.559,1119.282,2296.422,7974.452,21.034,64.0,4.0,104.05317,1.5852324,1.2143373,38.22410187,4.86103593,0.18648854,0.02683765,0.96059131,10.89215061,1.579,302.152,850.893,2675.389,14.016
TU1R_186,1.0,256.0,139.0,286.40564,1.3767952,1.0760942,40.90502451,4.69546569,0.21260883,0.0237612,0.98991491,11.65195309,1.686,524.039,1673.739,13193.772,29.301,64.0,20.0,81.695984,1.2531995,0.2143693,49.98296014,5.44432825,0.1723621,0.02210257,0.9767531,11.52504048,1.668,153.896,671.895,4062.543,18.202
TU2L_59,0.0,256.0,103.0,318.98758,1.4788694,1.1262264,32.97159926,4.2390625,0.22811987,0.02667169,0.99177746,11.36343268,1.734,585.51,1821.025,12869.687,27.353,64.0,62.0,69.22354,1.4321494,2.2678246,30.89136319,4.15465059,0.23068021,0.02507731,0.99219901,11.36347275,1.446,592.274,1030.829,2060.595,11.815
TU2R_58,0.0,256.0,153.0,326.30563,2.460185,6.894617,31.89208027,4.07005208,0.24711748,0.0302291,0.9928865,11.30906574,1.611,383.448,1668.933,11952.15,28.831,64.0,40.0,58.896095,0.46348047,-1.2020434,63.40225148,4.8335999,0.20850175,0.02113225,0.98222503,11.65513031,1.57,217.729,759.326,3611.967,16.897
TU1R_169,1.0,256.0,40.0,358.87125,1.2584524,0.20601559,17.75176164,3.25047488,0.26586138,0.02953553,0.98807707,10.71594908,1.488,759.129,2104.857,8573.375,23.626,64.0,5.0,98.20634,1.4005803,0.51287293,29.50289124,4.27454478,0.20522678,0.02708744,0.9697425,10.83678844,1.479,240.888,819.931,2822.984,15.379
TU1L_172,1.0,256.0,71.5,327.6442,1.2194898,0.09236741,29.64499081,4.09744179,0.22925402,0.02522957,0.98807491,11.27410481,1.583,382.209,1714.647,13141.361,30.406,64.0,10.0,83.97544,1.0315652,-0.5447006,31.50682825,4.34799459,0.20896421,0.02459284,0.9820844,11.13757082,1.554,196.166,758.188,3714.326,17.323
TU2R_89,1.0,256.0,22.5,633.7832,4.351119,20.296894,9.58247549,2.02104779,0.45239913,0.08044372,0.99394342,9.07464679,1.155,4218.776,4068.744,3135.636,11.992,64.0,0.5,117.4727,1.754527,1.5688095,25.23314469,3.94857283,0.21778254,0.03198127,0.9571018,10.3626271,1.22,299.701,933.857,1906.928,12.978
TU2R_62,0.0,256.0,88.5,288.6921,0.9534477,-0.28592992,43.03362439,4.78071385,0.21655892,0.0244325,0.98729674,11.54725509,1.793,207.457,1418.348,16582.059,34.292,64.0,7.0,112.048676,1.9182981,2.5279322,26.67931841,3.88662648,0.24079177,0.03377055,0.97906552,10.45467695,1.661,448.852,948.485,2592.742,12.736
TU2R_81,0.0,256.0,81.0,310.6878,1.0415392,-0.58121085,26.3986826,3.74448529,0.25925021,0.02743745,0.9918989,11.15993837,1.447,268.647,1681.766,11201.672,29.753,64.0,9.0,106.924515,1.7617477,1.6842146,15.63822589,2.97016486,0.29155951,0.0359607,0.98928966,10.22957768,1.31,549.051,1106.364,1819.967,11.415
TU1L_130,0.0,256.0,30.5,614.29193,7.696851,72.965355,32.69244792,3.82155331,0.36073886,0.12762984,0.98340648,9.99134239,1.643,946.405,2144.507,9433.125,22.867,64.0,8.0,84.634415,0.8634029,-1.027321,24.80265748,3.83599902,0.23310721,0.02604137,0.98229957,10.88842324,1.425,341.756,918.201,2302.22,13.403
TU1R_180,1.0,256.0,70.5,702.17145,12.348322,176.23627,28.85488664,3.55105699,0.37711666,0.14849618,0.99099854,10.0145523,1.456,1256.635,2225.013,7411.628,21.148,64.0,7.0,92.83394,1.2409381,-0.03560591,46.89327018,5.38539616,0.16941798,0.02344795,0.96192209,11.24129987,1.482,153.215,699.451,3298.323,17.212
TU1L_229,1.0,256.0,2.0,1410.0865,14.95297,230.66739,21.67241115,2.75470282,0.51404469,0.3264209,0.98792707,7.95577868,1.527,2567.166,2869.79,5910.211,16.343,64.0,0.5,120.62704,1.9055376,2.2980924,41.61478839,5.03998524,0.18158614,0.02913194,0.92542231,10.65304543,1.551,165.994,720.603,3134.929,16.36
TU2R_100,1.0,256.0,16.5,485.466,3.0006413,10.2208605,13.6064185,2.52124694,0.38404522,0.05782668,0.99125959,9.74262118,1.193,1507.904,2601.153,5404.236,18.683,64.0,0.0,118.32569,1.824556,1.9658446,23.72065699,3.82326526,0.2263665,0.03244508,0.95632123,10.30576532,1.196,269.896,907.15,1934.042,13.369
TU1R_215,1.0,256.0,28.0,438.00427,2.404107,5.928776,14.18875613,2.76930147,0.32007046,0.04152589,0.99174087,10.18234011,1.712,696.469,2005.14,11473.651,25.462,64.0,6.0,93.25629,1.2049152,-0.12914014,24.50879675,3.83667569,0.23450875,0.02796238,0.98029226,10.74371522,1.646,337.896,836.792,3443.769,15.757
TU1R_149,1.0,256.0,60.0,361.56458,1.59278,2.7487192,18.21991422,3.16853554,0.2937442,0.04410461,0.99070864,10.59842322,1.623,773.383,1913.291,10586.816,25.676,64.0,20.0,76.79503,0.9212227,-0.5875406,38.01470226,4.79878199,0.19053304,0.02239646,0.98117037,11.40434515,1.725,143.473,651.564,4902.963,20.054
TU1R_177,1.0,256.0,113.0,387.77878,3.668323,17.886778,28.31893382,3.58670343,0.31557361,0.04597432,0.99215938,10.76483745,1.665,1166.418,2147.961,9295.918,22.136,64.0,43.5,59.500526,0.32486463,-1.5349351,56.35949803,5.82258858,0.16375528,0.01788263,0.98110698,11.96915688,1.72,110.596,598.112,5030.848,20.878
TU1L_151,1.0,256.0,91.5,317.06485,0.93729925,-0.7716453,21.42444853,3.45968137,0.26292039,0.02797449,0.99028477,10.95005799,1.537,885.089,2090.515,8957.475,23.433,64.0,6.0,105.68707,1.683466,1.4775996,24.14173228,3.78272638,0.23334414,0.03080001,0.97847048,10.57965884,1.523,320.41,874.734,2872.364,14.638
TU2L_40,0.0,256.0,154.0,249.78586,0.93913966,-0.02540112,32.2661152,4.18566176,0.23538227,0.02403593,0.9928063,11.60226842,1.633,412.276,1624.398,13989.855,31.331,64.0,33.0,66.182335,0.74788207,-0.9666028,30.94500492,4.3101624,0.21108247,0.02174105,0.98962649,11.50920374,1.427,199.315,775.961,3319.061,17.083
TU1L_105,0.0,256.0,146.0,460.5509,11.076914,152.64024,37.4549326,4.05796569,0.3218009,0.09943926,0.99266145,10.98849974,1.874,739.704,1760.239,14933.799,28.426,64.0,47.0,54.44751,0.30195746,-1.4188304,38.82049705,4.79355315,0.1959829,0.01926951,0.99024614,11.80540476,1.69,207.488,727.051,4094.445,17.605
TU1L_147,0.0,256.0,48.0,383.49063,1.4817021,0.7254126,33.48653493,4.33984375,0.21826835,0.02697484,0.98046108,11.07395819,1.55,341.238,1684.051,11652.512,29.208,64.0,9.5,96.14499,1.4596354,0.6991172,41.7949065,4.4640748,0.22261422,0.02787631,0.96914217,10.88544462,1.508,245.54,817.995,2790.741,14.95
TU1R_120,0.0,256.0,148.0,262.66705,0.60884327,-1.2493947,38.01715686,4.6176777,0.20785441,0.02148548,0.98751056,11.65224519,1.645,316.717,1565.403,13611.601,31.432,64.0,8.0,100.08141,1.5070721,0.840384,24.46167569,3.85955955,0.22521364,0.02905462,0.9801924,10.70552508,1.535,283.512,835.139,3166.846,15.822
TU2R_75,0.0,256.0,44.0,470.99207,3.1594558,11.571349,22.17077206,3.08535539,0.35246165,0.05346727,0.99076137,10.13535956,1.369,1489.403,2571.711,6069.424,18.614,64.0,8.5,100.59409,1.5338221,1.077014,15.45152559,2.98129921,0.2875476,0.03465035,0.98859042,10.29091326,1.3,472.68,1094.388,1755.898,11.527
TU1L_123,0.0,256.0,37.0,393.12384,1.9324707,3.649428,19.82668505,3.2614277,0.2825933,0.03540555,0.98896863,10.53818891,1.639,494.465,1678.317,12295.313,28.927,64.0,19.0,85.32406,1.3794924,0.8052211,37.60107037,4.73542077,0.19290344,0.02456104,0.98196779,11.26077615,1.673,144.711,660.67,4280.065,18.931
TU2R_110,1.0,256.0,56.5,377.7036,1.8805825,2.8029976,14.57809436,2.80658701,0.31333737,0.03580499,0.99401282,10.48640959,1.252,1966.432,2953.961,4726.278,16.41,64.0,12.5,94.28141,1.5236027,1.0890536,23.69697343,3.82369587,0.22675928,0.02803637,0.9834746,10.82690217,1.307,226.105,830.67,2511.063,15.057
TU1L_233,1.0,256.0,122.0,280.58905,1.0371726,-0.16017199,19.2859375,3.31139706,0.2703717,0.02615743,0.99459145,11.17883827,1.582,576.831,1952.72,10852.629,26.129,64.0,19.0,80.86998,1.0989159,-0.2299521,38.01783957,4.84461122,0.18609149,0.02284683,0.98036007,11.35693829,1.67,145.04,657.286,4588.938,19.711
TU1R_152,1.0,256.0,107.5,320.93777,1.6470783,4.3506665,19.75121017,3.32688419,0.28287764,0.04192888,0.9925712,10.91802033,1.58,625.989,1871.604,10988.352,27.079,64.0,0.0,124.38414,1.9718988,2.6097403,14.73775837,2.99267963,0.27863851,0.03851456,0.96957216,9.85373681,1.57,735.481,1137.5,2203.718,11.111
TU1R_174,1.0,256.0,45.5,421.22513,1.8295405,2.1073751,26.31128983,3.90433517,0.23401876,0.03034292,0.9798643,10.78120468,1.508,243.971,1574.4,12947.763,32.335,64.0,21.5,78.28414,0.89575994,-0.7936199,36.28217274,4.69789616,0.1935486,0.02253665,0.98071212,11.34465279,1.511,198.866,745.271,3268.614,16.642
TU2L_95,1.0,256.0,103.5,373.26956,1.998122,3.1138635,28.36037071,3.885769,0.24979796,0.03144923,0.99166716,11.02662932,1.781,836.904,1958.665,12422.433,25.454,64.0,38.0,62.511562,0.5423645,-1.2102278,32.38718012,4.36380413,0.21102174,0.02139908,0.99072139,11.5497708,1.619,241.453,767.765,3814.268,17.18
TU2L_44,0.0,256.0,140.5,242.21881,0.8010363,-0.5532634,34.4846201,4.30569853,0.23178997,0.02315459,0.99274545,11.68328522,1.641,338.196,1571.103,14510.879,32.199,64.0,28.0,68.02142,0.6981123,-1.1341699,29.05696358,4.20337106,0.21033821,0.02222179,0.98916714,11.4207962,1.474,202.145,777.833,3368.949,16.898
TU1R_161,1.0,256.0,119.5,754.80536,13.726937,205.46893,32.06424632,3.75860907,0.37251547,0.17080672,0.99152744,10.08412886,1.41,1102.424,2212.861,7068.223,21.139,64.0,3.0,108.959785,1.6798985,1.4565187,41.79459892,5.06932825,0.17767208,0.02699126,0.94460807,10.8786199,1.416,169.312,734.719,2915.861,16.418
TU2R_51,0.0,256.0,67.0,378.92346,1.6144292,1.2488976,25.94851409,3.77284007,0.24738254,0.03009934,0.98968778,10.91225295,1.582,769.137,2017.528,10347.051,24.901,64.0,29.5,76.19204,1.5214785,1.2372179,26.57375738,3.99821604,0.22130953,0.02474061,0.99341426,11.31296564,1.739,272.367,770.825,4416.067,17.697
TU1R_146,0.0,256.0,34.5,402.02097,1.6968415,1.7507086,37.48380821,4.51202512,0.21675606,0.02911242,0.97812669,10.98176246,1.768,315.425,1509.693,14779.526,31.536,64.0,8.0,89.44866,1.2052351,-0.03542042,39.25510581,4.80321112,0.19556927,0.02429965,0.9731352,11.1513388,1.665,165.666,690.989,4248.462,18.406
TU1L_149,0.0,256.0,54.5,381.6711,1.5447696,0.9975066,31.09159007,4.17461703,0.22324097,0.02813012,0.98408682,11.01441865,1.597,419.357,1758.401,11152.742,27.574,64.0,14.0,93.46825,1.4353633,0.59814024,31.83298474,4.31391486,0.20909844,0.02706763,0.97930147,10.95795349,1.487,236.425,816.173,2815.162,15.059
TU1L_108,0.0,256.0,113.5,500.60278,6.211713,54.357483,29.85012255,3.59739583,0.3419339,0.09221292,0.99227458,10.41449631,1.78,952.894,1939.627,11767.581,25.012,64.0,56.5,52.230484,0.3804111,-1.1715003,51.18460876,5.5523499,0.16759955,0.01731108,0.98754648,12.08920489,1.782,111.11,599.026,5542.074,21.447
TU2R_94,0.0,256.0,91.5,341.51785,1.9795877,3.9399633,25.42026654,3.65831801,0.2638562,0.03120434,0.99258634,11.03465173,1.583,484.876,1829.418,10659.479,26.453,64.0,21.0,92.112366,1.7986596,2.3068829,25.82554134,3.80487205,0.24272998,0.03020696,0.99003548,10.87119109,1.56,392.872,920.083,2918.395,14.126
TU1R_217,1.0,256.0,47.5,405.55264,2.2489455,5.4499044,15.28206189,2.86689645,0.31267449,0.03870681,0.9921849,10.36997951,1.688,792.782,2093.813,10696.784,24.205,64.0,16.5,86.39865,1.3346752,0.4910748,31.5011688,4.38207431,0.20318749,0.02495808,0.98103624,11.15280018,1.711,226.614,723.516,4702.202,19.116
TU1R_208,1.0,256.0,83.5,466.6843,8.531331,104.20329,27.35906863,3.56096814,0.34355032,0.08981942,0.9909977,10.50488335,1.35,934.625,2187.108,6914.683,21.646,64.0,3.0,100.28355,1.3875824,0.3941579,38.87924459,4.89782234,0.18398316,0.02578926,0.9590984,10.96319491,1.42,156.979,709.696,3107.628,17.102
TU1R_113,0.0,256.0,115.0,324.43832,2.33039,6.053136,37.15914522,4.14468444,0.26763205,0.03201563,0.99218735,11.25282108,1.743,442.319,1699.371,12832.332,28.028,64.0,8.0,96.02709,1.4019109,0.4868729,31.22379429,4.33562992,0.20651266,0.02705665,0.97447015,10.91503795,1.542,247.322,813.144,3092.889,15.551
TU1L_98,0.0,256.0,71.5,340.84814,1.3838948,0.5117099,36.89283088,4.42282475,0.21986305,0.02589993,0.9863582,11.32093012,1.608,245.257,1549.665,13508.891,32.01,64.0,12.0,109.99687,4.058024,30.024864,55.33569144,4.18916093,0.27009536,0.06562502,0.9763333,10.59573745,1.495,248.502,812.429,3098.89,15.698
TU1R_216,1.0,256.0,28.5,413.14,2.180792,4.981201,14.18200061,2.78356311,0.31881766,0.03938216,0.99138069,10.26361368,1.675,795.692,2115.925,10445.904,24.114,64.0,4.0,106.89243,1.6288358,1.2422376,25.13232037,3.90963337,0.22385749,0.03051807,0.97257994,10.55335144,1.558,259.588,801.977,3212.564,16.142
TU1R_206,1.0,256.0,42.0,411.4808,1.7570789,1.8478069,26.24162071,3.95491728,0.22840499,0.0291768,0.97940063,10.82792858,1.501,223.975,1537.673,13310.17,33.229,64.0,15.0,87.28948,1.1992704,0.02477741,35.79619833,4.67870325,0.19385607,0.02417307,0.97668388,11.17675872,1.521,156.533,695.295,3628.741,17.998
TU1L_129,0.0,256.0,45.0,414.97427,1.7553443,1.7743063,32.98973652,4.25876225,0.22049373,0.02970945,0.98096458,10.8844257,1.64,378.987,1684.445,11861.963,28.522,64.0,9.0,103.17567,1.7079399,1.6353927,25.74827756,3.92704232,0.22540541,0.02999509,0.98268648,10.70401766,1.627,230.236,769.669,3720.614,16.833
TU1R_135,0.0,256.0,80.0,295.43503,0.7352875,-1.0324341,27.539231,4.01527267,0.2282116,0.02341988,0.98686739,11.29894917,1.272,326.986,1810.749,8431.589,27.02,64.0,7.0,95.07641,1.3181002,0.23549938,40.11589567,4.97674705,0.17945477,0.02464345,0.96133863,11.09867277,1.373,153.346,721.834,3032.095,17.07
TU1L_101,0.0,256.0,29.5,1539.8435,13.879025,202.54962,12.0013174,1.77931985,0.62954647,0.36285741,0.99488299,7.12000231,1.434,4396.636,3714.957,4874.168,13.687,64.0,47.0,54.44751,0.30195746,-1.4188304,38.82049705,4.79355315,0.1959829,0.01926951,0.99024614,11.80540476,1.69,207.488,727.051,4094.445,17.605
TU2R_105,1.0,256.0,11.0,682.02136,4.366686,20.645628,9.9527114,2.10553002,0.42577197,0.07911301,0.99019467,8.89491397,1.273,3703.259,3595.438,4052.434,13.515,64.0,3.0,104.554375,1.5709399,1.0141387,30.40588091,4.31754429,0.2047312,0.02795463,0.96403724,10.75947679,1.357,234.137,818.589,2621.319,15.268
TU1L_205,1.0,256.0,78.5,334.44263,1.392562,0.73807836,22.50923713,3.57504596,0.25459255,0.02780735,0.99167184,11.06082093,1.565,573.681,1987.22,11477.165,27.017,64.0,12.5,87.0828,1.1468812,-0.226053,27.93350148,4.10107037,0.22017487,0.02602636,0.98316417,10.99111508,1.513,298.145,845.748,3121.876,15.462
TU2L_169,0.0,256.0,63.5,391.0741,1.8817415,2.7977424,26.26026348,3.62879902,0.27372459,0.03525606,0.98858509,10.70866516,1.66,431.798,1804.009,11667.091,27.14,64.0,1.0,121.29445,1.9539593,2.535892,13.88859498,2.86226624,0.29256935,0.03978438,0.97936444,9.85117938,1.286,1085.233,1485.505,1209.514,8.638
TU1L_245,1.0,256.0,134.5,355.86932,2.4777038,8.39088,27.01487439,3.7196538,0.29301961,0.04009902,0.99325302,10.90692895,1.549,827.549,2092.129,8772.894,23.069,64.0,0.5,114.01025,1.6771193,1.3227344,24.95933809,3.92648868,0.22076203,0.03127962,0.96107093,10.41126907,1.445,447.013,1028.586,1965.104,11.778
TU1R_191,1.0,256.0,12.0,391.64398,1.4329125,0.7391734,25.31654412,3.82833946,0.23739018,0.0290258,0.97840624,10.76077088,1.298,811.825,2282.67,6376.681,21.033,64.0,2.0,102.52812,1.531422,0.9926417,29.34153543,4.18147146,0.21709955,0.02824162,0.96816888,10.73276886,1.335,280.377,871.721,2256.036,13.858
TU1R_127,0.0,256.0,145.5,287.85516,1.1421437,0.06710291,30.4653799,4.11283701,0.231322,0.0249754,0.99131362,11.41074328,1.635,619.274,1779.351,12309.676,28.197,64.0,55.0,53.163147,0.44147694,-1.0864054,45.47570128,5.29213829,0.17417183,0.01798339,0.98935992,11.98883479,1.894,114.58,575.373,6728.043,23.18
TU1R_165,1.0,256.0,69.0,425.6471,2.9894516,9.83717,27.14116115,3.60283395,0.29340508,0.04236914,0.99020365,10.59871109,1.783,1273.041,2291.536,9144.539,20.468,64.0,8.5,99.688065,1.5786545,1.0632005,61.70374016,6.13988681,0.15099419,0.0236397,0.95759774,11.32738508,1.835,133.9,618.677,5206.419,20.173
TU1R_203,1.0,256.0,28.5,422.6716,1.7454693,1.7250218,24.21585478,3.77173713,0.23818313,0.0305369,0.97909697,10.69338359,1.457,288.3,1627.128,12186.691,31.605,64.0,16.0,87.42872,1.2948644,0.2718134,36.81920522,4.73283711,0.19259751,0.02416935,0.97818189,11.22953289,1.597,173.285,710.016,3819.917,17.855
TU2R_108,1.0,256.0,59.0,380.47607,1.8928878,2.7738142,14.82997855,2.81772365,0.31331199,0.03628691,0.99389647,10.47028538,1.283,1750.647,2897.999,4869.062,16.618,64.0,6.0,106.15234,1.6900418,1.5485873,21.94032972,3.68663878,0.2322907,0.03071595,0.9757316,10.53581458,1.217,280.863,913.443,2017.785,13.585
TU1R_231,1.0,256.0,53.5,379.67627,1.5612499,1.1483755,18.80551471,3.33590686,0.26109233,0.03043151,0.98823049,10.72870968,1.513,595.673,2008.653,9465.626,24.987,64.0,0.0,126.6002,2.164472,3.5409384,17.96284449,3.28420276,0.2605898,0.03770627,0.96632951,10.01340778,1.438,625.529,1155.948,1764.876,10.573
TU2R_101,1.0,256.0,25.0,463.10266,2.2453573,4.3539205,12.13091299,2.59286152,0.32994395,0.04277743,0.99096909,9.97616184,1.256,454.445,2059.124,7629.924,24.282,64.0,3.0,100.13155,1.272278,-0.05248666,19.7949065,3.48265256,0.24391197,0.0305058,0.9786261,10.45506238,1.193,574.18,1155.648,1447.606,10.672
TU1L_228,1.0,256.0,3.0,1485.4464,15.114679,234.15762,23.14356618,2.80971201,0.5208367,0.34721322,0.98605423,7.81372381,1.515,2557.224,2801.983,6028.142,16.777,64.0,0.0,123.641304,1.9585685,2.4986558,39.41886073,4.90249754,0.18585574,0.03016095,0.92015113,10.55383923,1.62,193.902,738.198,3240.167,15.947
TU1L_136,0.0,256.0,39.5,427.85037,1.9021432,2.473597,25.06018689,3.80182292,0.2364973,0.03172772,0.9842572,10.70066342,1.525,272.885,1650.088,11362.161,29.653,64.0,1.0,141.67743,2.4383242,4.7838902,28.53149606,3.24815453,0.28403767,0.04339898,0.9445312,9.63566765,1.418,599.534,1076.72,2009.905,11.547
TU1L_171,1.0,256.0,94.5,314.56668,1.3780276,0.6349151,27.46176471,3.95799632,0.23347588,0.02509716,0.99189432,11.36264683,1.63,259.258,1552.207,16269.873,34.898,64.0,16.0,82.591286,1.1243875,-0.3803556,24.43663878,3.79047736,0.23869392,0.02619076,0.99162999,11.04017447,1.514,300.706,856.568,3208.856,15.714
TU1R_155,1.0,256.0,67.5,330.31735,1.1843897,0.10993576,18.71936275,3.2685049,0.27201473,0.02914436,0.99151661,10.86884902,1.635,790.507,1917.178,10895.303,25.82,64.0,1.0,144.46388,2.4828868,5.0458746,12.28414124,2.712906,0.30248737,0.04605503,0.97031444,9.42006511,1.561,2021.209,1718.052,1317.167,7.168
TU1L_204,1.0,256.0,62.5,331.18866,1.2704074,0.3316939,22.5910386,3.57789522,0.25473641,0.02738634,0.99093427,11.05912461,1.564,525.108,1863.443,12406.894,28.818,64.0,9.0,87.64176,1.0628589,-0.50620174,28.01174951,4.10722195,0.21732403,0.02571936,0.97956412,10.97400651,1.433,274.033,849.819,2961.421,15.486
TU1R_145,0.0,256.0,131.0,490.03384,8.398188,90.08123,47.04197304,4.70628064,0.31108685,0.10370234,0.98712654,10.86883047,1.77,544.581,1605.55,14274.233,30.199,64.0,16.0,89.0169,1.3812106,0.443074,36.90668061,4.66455463,0.19820351,0.02491665,0.98152862,11.19328074,1.574,166.2,695.317,4333.163,19.002
TU1L_182,1.0,256.0,110.0,487.6355,7.7617345,86.11129,30.48748468,3.76251532,0.33934667,0.08714291,0.9911015,10.50500359,1.428,1072.562,2080.111,7786.97,22.562,64.0,10.0,83.49813,1.0235008,-0.4621985,40.53610974,4.98800443,0.18250501,0.02261827,0.9728173,11.3047931,1.4,250.452,842.878,2312.494,14.042
TU1R_175,1.0,256.0,44.0,371.4374,1.4765584,0.85901976,25.51433824,3.85125613,0.23720976,0.02773712,0.98410654,10.94878167,1.479,383.249,1785.171,11053.714,28.663,64.0,28.0,71.04197,0.6449718,-1.221989,39.26285679,4.8695251,0.18963527,0.02108479,0.98169624,11.49932402,1.599,158.48,683.651,3910.601,18.308
TU2R_104,1.0,256.0,15.0,679.2359,4.5443535,22.20964,10.23993566,2.09949449,0.4357461,0.08186525,0.99259859,8.97079041,1.255,3816.431,3610.465,3983.109,13.452,64.0,3.0,110.192444,1.6086456,1.0820489,24.83925935,3.85476132,0.23071572,0.0309917,0.96860808,10.4675312,1.298,316.041,938.559,2006.816,13.122
TU2R_112,1.0,256.0,13.5,586.4162,3.5584397,12.786597,10.62801777,2.34937194,0.3602684,0.05671966,0.9935334,9.50782657,1.412,432.978,1851.495,9434.145,26.392,64.0,14.0,84.178566,1.0763817,-0.35442066,26.64247047,4.00799705,0.22052921,0.02548282,0.98379919,11.02176386,1.309,226.855,839.784,2444.352,14.85
